timestamp,cpu_usage,memory_usage,replicas
2026-04-08 18:07:27,0.06605018452656189,403394560.0,12.0
2026-04-08 18:07:34,0.06475715427998381,403128320.0,12.0
2026-04-08 18:07:42,0.05962436837629582,403128320.0,12.0
2026-04-08 18:07:49,0.07103975758719269,403124224.0,12.0
2026-04-08 18:07:57,0.08571624405966574,403877888.0,12.0
2026-04-08 18:08:04,0.08702692151693202,402067456.0,12.0
2026-04-08 18:08:11,0.16110225794147365,402067456.0,12.0
2026-04-08 18:08:19,0.16483895256768105,402128896.0,12.0
2026-04-08 18:08:26,0.29787831196809017,402718720.0,12.0
2026-04-08 18:08:34,0.25408510150572505,402722816.0,12.0
2026-04-08 18:08:41,0.3528813210418911,402722816.0,12.0
2026-04-08 18:08:49,0.35749168471085424,403197952.0,12.0
2026-04-08 18:08:56,0.3442716713839403,403017728.0,12.0
2026-04-08 18:09:03,0.303275427292071,403017728.0,12.0
2026-04-08 18:09:11,0.357240695339272,404619264.0,12.0
2026-04-08 18:09:19,0.34458929627694557,404443136.0,12.0
2026-04-08 18:09:26,0.35222566639200925,404934656.0,12.0
2026-04-08 18:09:34,0.3125828388041185,405618688.0,12.0
2026-04-08 18:09:41,0.3128098182618806,405618688.0,12.0
2026-04-08 18:09:49,0.3242122910218027,403124224.0,12.0
2026-04-08 18:09:56,0.37208748547659803,403595264.0,12.0
2026-04-08 18:10:04,0.35905609021537876,403664896.0,12.0
2026-04-08 18:10:11,0.30729820112777834,403664896.0,12.0
2026-04-08 18:10:19,0.374571718236564,404520960.0,12.0
2026-04-08 18:10:26,0.3367485671225153,405409792.0,12.0
2026-04-08 18:10:33,0.31051664488950065,405409792.0,12.0
2026-04-08 18:10:41,0.328821699420021,405172224.0,12.0
2026-04-08 18:10:48,0.3599335203733554,405827584.0,12.0
2026-04-08 18:10:56,0.36840932730568415,406794240.0,12.0
2026-04-08 18:11:03,0.35824639866429603,406794240.0,12.0
2026-04-08 18:11:11,0.33118528444841566,406925312.0,12.0
2026-04-08 18:11:18,0.3688441984006528,404217856.0,12.0
2026-04-08 18:11:25,0.3688857947417252,403853312.0,12.0
2026-04-08 18:11:33,0.2937215471173413,403853312.0,12.0
2026-04-08 18:11:40,0.3420518604891067,404852736.0,12.0
2026-04-08 18:11:48,0.3543642043616614,404729856.0,12.0
2026-04-08 18:11:55,0.3503215522883699,405397504.0,12.0
2026-04-08 18:12:03,0.3573169814042421,405397504.0,12.0
2026-04-08 18:12:10,0.3235799938841128,405512192.0,12.0
2026-04-08 18:12:18,0.3595824944302035,406253568.0,12.0
2026-04-08 18:12:25,0.3499968097958945,406011904.0,12.0
2026-04-08 18:12:33,0.27102187646205267,406011904.0,12.0
2026-04-08 18:12:40,0.3334498605102573,407072768.0,12.0
2026-04-08 18:12:48,0.3247670859049987,404955136.0,12.0
2026-04-08 18:12:55,0.36736077862127464,404758528.0,12.0
2026-04-08 18:13:03,0.3107945256140194,404758528.0,12.0
2026-04-08 18:13:11,0.3362243201855126,404881408.0,12.0
2026-04-08 18:13:18,0.3498609514993817,405463040.0,12.0
2026-04-08 18:13:26,0.2721791880352718,405553152.0,12.0
2026-04-08 18:13:33,0.27228773977454335,405553152.0,12.0
2026-04-08 18:13:41,0.35404585173712244,405762048.0,12.0
2026-04-08 18:13:49,0.3167732702108727,406302720.0,12.0
2026-04-08 18:13:56,0.34564757338349894,405790720.0,12.0
2026-04-08 18:14:03,0.33060068099215634,407076864.0,12.0
2026-04-08 18:14:11,0.32194423039254144,407076864.0,12.0
2026-04-08 18:14:19,0.34517267634044424,407969792.0,12.0
2026-04-08 18:14:26,0.3537853561907979,405708800.0,12.0
2026-04-08 18:14:33,0.35007814198551407,405475328.0,12.0
2026-04-08 18:14:41,0.2958775946497602,405475328.0,12.0
2026-04-08 18:14:49,0.353371185750192,406134784.0,12.0
2026-04-08 18:14:56,0.30740344694679744,405958656.0,12.0
2026-04-08 18:15:04,0.2763949583435815,405446656.0,12.0
2026-04-08 18:15:11,0.3583495925272722,405446656.0,12.0
2026-04-08 18:15:19,0.36682172906851457,406192128.0,12.0
2026-04-08 18:15:26,0.3766031813868,406343680.0,12.0
2026-04-08 18:15:34,0.350061294898973,407248896.0,12.0
2026-04-08 18:15:41,0.3742516305581035,407248896.0,12.0
2026-04-08 18:15:49,0.3482618147457725,407633920.0,12.0
2026-04-08 18:15:56,0.3744636838972475,427986944.0,12.0
2026-04-08 18:16:03,0.34393424049519306,493043712.0,12.0
2026-04-08 18:16:11,0.45943778415889697,493043712.0,12.0
2026-04-08 18:16:18,0.4884377204070114,498143232.0,12.0
2026-04-08 18:16:26,0.5154780149485537,453189632.0,12.0
2026-04-08 18:16:34,0.46985847877399406,478277632.0,12.0
2026-04-08 18:16:41,0.3625641245751236,478277632.0,12.0
2026-04-08 18:16:49,0.3374497781020009,452976640.0,12.0
2026-04-08 18:16:56,0.37974952593381933,499625984.0,12.0
2026-04-08 18:17:04,0.32881644535884613,508157952.0,12.0
2026-04-08 18:17:11,0.35149956449907943,508157952.0,12.0
2026-04-08 18:17:19,0.357105287091846,463384576.0,12.0
2026-04-08 18:17:26,0.3867402488691098,476495872.0,12.0
2026-04-08 18:17:34,0.275855902508103,469692416.0,12.0
2026-04-08 18:17:41,0.2941442373933799,469692416.0,12.0
2026-04-08 18:17:49,0.3779863548433707,505057280.0,12.0
2026-04-08 18:17:56,0.4033105180375235,508342272.0,12.0
2026-04-08 18:18:03,0.40098851004917174,508342272.0,12.0
2026-04-08 18:18:11,0.3792133001871123,508637184.0,12.0
2026-04-08 18:18:18,0.4564568102383305,465260544.0,12.0
2026-04-08 18:18:26,0.4128823581666417,462553088.0,12.0
2026-04-08 18:18:34,0.31571707913793917,462553088.0,12.0
2026-04-08 18:18:41,0.3387099880775105,461463552.0,12.0
2026-04-08 18:18:49,0.3839709078162713,477454336.0,12.0
2026-04-08 18:18:56,0.43090818636190875,485830656.0,12.0
2026-04-08 18:19:04,0.42898255524637496,478302208.0,12.0
2026-04-08 18:19:11,0.5317839330188796,478302208.0,12.0
2026-04-08 18:19:19,0.4981449423093814,478523392.0,12.0
2026-04-08 18:19:27,0.5525365406110444,478113792.0,12.0
2026-04-08 18:19:34,0.4546167495620368,466702336.0,12.0
2026-04-08 18:19:42,0.5497663306897567,466702336.0,12.0
2026-04-08 18:19:50,0.5359556260815992,461602816.0,12.0
2026-04-08 18:19:57,0.6081094861762507,466669568.0,12.0
2026-04-08 18:20:05,0.5876787611856212,458780672.0,12.0
2026-04-08 18:20:13,0.5280746217927889,458780672.0,12.0
2026-04-08 18:20:20,0.6503703411839727,451436544.0,12.0
2026-04-08 18:20:28,0.6404153013302134,446623744.0,12.0
2026-04-08 18:20:35,0.6337710967199299,446746624.0,12.0
2026-04-08 18:20:43,0.5645132501239274,446746624.0,12.0
2026-04-08 18:20:51,0.5696508295361403,441434112.0,12.0
2026-04-08 18:20:58,0.5860295738583704,441151488.0,12.0
2026-04-08 18:21:06,0.5650859001916231,439894016.0,12.0
2026-04-08 18:21:13,0.5222192680941976,439894016.0,12.0
2026-04-08 18:21:21,0.45239352480935136,439054336.0,12.0
2026-04-08 18:21:29,0.4335950925298543,437387264.0,12.0
2026-04-08 18:21:36,0.3902941403478279,437940224.0,12.0
2026-04-08 18:21:44,0.3744104719440368,437886976.0,12.0
2026-04-08 18:21:52,0.31814834703936495,437886976.0,12.0
2026-04-08 18:21:59,0.36360443691712,438284288.0,12.0
2026-04-08 18:22:07,0.3784662375406853,437841920.0,12.0
2026-04-08 18:22:15,0.37529372047401943,437706752.0,12.0
2026-04-08 18:22:23,0.36461318922642344,437706752.0,12.0
2026-04-08 18:22:30,0.3499919365254447,437710848.0,12.0
2026-04-08 18:22:38,0.3767079572797759,438067200.0,12.0
2026-04-08 18:22:45,0.34662215978257843,438239232.0,12.0
2026-04-08 18:22:53,0.3557084598874121,438239232.0,12.0
2026-04-08 18:23:01,0.29372543369232257,438231040.0,12.0
2026-04-08 18:23:08,0.3779863531467111,438259712.0,12.0
2026-04-08 18:23:16,0.38250503850752965,438370304.0,12.0
2026-04-08 18:23:23,0.3659579240362286,438370304.0,12.0
2026-04-08 18:23:31,0.3102616879379687,438431744.0,12.0
2026-04-08 18:23:39,0.3861913032232011,438374400.0,12.0
2026-04-08 18:23:46,0.37372522131609254,438726656.0,12.0
2026-04-08 18:23:54,0.36344344568525594,438493184.0,12.0
2026-04-08 18:24:01,0.3499024316857447,438493184.0,12.0
2026-04-08 18:24:08,0.3551756298470163,438452224.0,12.0
2026-04-08 18:24:16,0.3587024312883097,438751232.0,12.0
2026-04-08 18:24:23,0.3146431142047869,438751232.0,12.0
2026-04-08 18:24:30,0.33128148050805806,438575104.0,12.0
2026-04-08 18:24:38,0.36419791543663044,438685696.0,12.0
2026-04-08 18:24:45,0.3359130699140124,438800384.0,12.0
2026-04-08 18:24:53,0.30968733735091913,438800384.0,12.0
2026-04-08 18:25:00,0.3616808193312787,438673408.0,12.0
2026-04-08 18:25:07,0.3525347280425607,439001088.0,12.0
2026-04-08 18:25:15,0.3541479598044174,43911572026-04-08 2026-04-08 18:25:22,0.3330673036288944,439115776.0,12.0
2026-04-08 18:25:30,0.2989786341275225,439414784.0,12.0
2026-04-08 18:25:37,0.38375026513690885,439349248.0,12.0
2026-04-08 18:25:44,0.35887476402281643,439271424.0,12.0
2026-04-08 18:25:52,0.2978030638560558,439271424.0,12.0
2026-04-08 18:25:59,0.3909055049101023,449466368.0,12.0
2026-04-08 18:26:07,0.4139750811094832,503529472.0,12.0
2026-04-08 18:26:14,0.4044461477732586,506249216.0,12.0
2026-04-08 18:26:22,0.505866646008172,506249216.0,12.0
2026-04-08 18:26:29,0.5841440234468832,508538880.0,12.0
2026-04-08 18:26:36,0.6079939381258287,505671680.0,12.0
2026-04-08 18:26:44,0.49244054650372987,506953728.0,12.0
2026-04-08 18:26:51,0.5809709050711986,506953728.0,12.0
2026-04-08 18:26:59,0.5116986350480811,506195968.0,12.0
2026-04-08 18:27:06,0.5953850491516323,506015744.0,12.0
2026-04-08 18:27:13,0.5291721057495348,506015744.0,12.0
2026-04-08 18:27:21,0.5788257467006784,508264448.0,12.0
2026-04-08 18:27:28,0.5764996496611641,510656512.0,12.0
2026-04-08 18:27:35,0.5789464432464339,515215360.0,12.0
2026-04-08 18:27:43,0.555137982162071,515215360.0,12.0
2026-04-08 18:27:50,0.4706166187766521,515416064.0,12.0
2026-04-08 18:27:58,0.5933824848623193,511401984.0,12.0
2026-04-08 18:28:05,0.564985988731173,508719104.0,12.0
2026-04-08 18:28:13,0.5681649790888125,508719104.0,12.0
2026-04-08 18:28:20,0.46966488077512786,506048512.0,12.0
2026-04-08 18:28:28,0.5946225215715939,504844288.0,12.0
2026-04-08 18:28:35,0.5732810800156919,500903936.0,12.0
2026-04-08 18:28:42,0.5704618760308081,500903936.0,12.0
2026-04-08 18:28:50,0.5478611272711182,501547008.0,12.0
2026-04-08 18:28:57,0.5707599594425331,498298880.0,12.0
2026-04-08 18:29:05,0.5997471023306795,492564480.0,12.0
2026-04-08 18:29:12,0.5938818632201707,492564480.0,12.0
2026-04-08 18:29:20,0.5505133912032385,488366080.0,12.0
2026-04-08 18:29:27,0.5512471032602249,488624128.0,12.0
2026-04-08 18:29:35,0.5826079604432451,482291712.0,12.0
2026-04-08 18:29:42,0.540084850436003,482291712.0,12.0
2026-04-08 18:29:50,0.5884611437068508,474943488.0,12.0
2026-04-08 18:29:57,0.5537139136603833,472682496.0,12.0
2026-04-08 18:30:05,0.6040987396252979,463511552.0,12.0
2026-04-08 18:30:12,0.6075567141278074,463511552.0,12.0
2026-04-08 18:30:20,0.5729308606007603,472289280.0,12.0
2026-04-08 18:30:27,0.6212105821475479,462069760.0,12.0
2026-04-08 18:30:35,0.5786028489844965,455159808.0,12.0
2026-04-08 18:30:42,0.44606658787063175,455159808.0,12.0
2026-04-08 18:30:50,0.5998331083719992,453058560.0,12.0
2026-04-08 18:30:57,0.556462405905466,452878336.0,12.0
2026-04-08 18:31:05,0.5399973967463244,452841472.0,12.0
2026-04-08 18:31:12,0.46175276703488455,452841472.0,12.0
2026-04-08 18:31:19,0.46773771963297006,452149248.0,12.0
2026-04-08 18:31:27,0.45381754032329275,451162112.0,12.0
2026-04-08 18:31:34,0.42334130505154166,451330048.0,12.0
2026-04-08 18:31:42,0.3472113850600942,451330048.0,12.0
2026-04-08 18:31:49,0.336000099697095,451133440.0,12.0
2026-04-08 18:31:57,0.3814414650041236,451276800.0,12.0
2026-04-08 18:32:04,0.30887293774110586,451940352.0,12.0
2026-04-08 18:32:12,0.3642790110648623,451940352.0,12.0
2026-04-08 18:32:19,0.3542947150541971,451592192.0,12.0
2026-04-08 18:32:27,0.37275441532393294,451104768.0,12.0
2026-04-08 18:32:34,0.3311663107575359,451190784.0,12.0
2026-04-08 18:32:41,0.32990572839052235,451190784.0,12.0
2026-04-08 18:32:49,0.3817415613188106,450764800.0,12.0
2026-04-08 18:32:56,0.3753003937621059,450748416.0,12.0
2026-04-08 18:33:04,0.3411315258947862,452149248.0,12.0
2026-04-08 18:33:11,0.35581150346002893,452149248.0,12.0
2026-04-08 18:33:19,0.32755640660678775,451743744.0,12.0
2026-04-08 18:33:26,0.33872963434020914,451731456.0,12.0
2026-04-08 18:33:34,0.2837829525248936,451747840.0,12.0
2026-04-08 18:33:41,0.3403144781932802,451747840.0,12.0
2026-04-08 18:33:49,0.34060320350784384,452083712.0,12.0
2026-04-08 18:33:56,0.35314658776765767,452210688.0,12.0
2026-04-08 18:34:04,0.300400226449564,451825664.0,12.0
2026-04-08 18:34:12,0.2813719467363141,451825664.0,12.0
2026-04-08 18:34:19,0.3590733087717384,451584000.0,12.0
2026-04-08 18:34:26,0.3537684712528517,452235264.0,12.0
2026-04-08 18:34:34,0.322869384253699,452120576.0,12.0
2026-04-08 18:34:41,0.3546772263525926,452120576.0,12.0
2026-04-08 18:34:49,0.3190388586536163,451751936.0,12.0
2026-04-08 18:34:57,0.351080717458574,451674112.0,12.0
2026-04-08 18:35:04,0.2873645298344631,442990592.0,12.0
2026-04-08 18:35:11,0.35958997947803034,442990592.0,12.0
2026-04-08 18:35:19,0.37088468016897036,442068992.0,12.0
2026-04-08 18:35:26,0.36502334851112234,442310656.0,12.0
2026-04-08 18:35:34,0.3594214410946509,442544128.0,12.0
2026-04-08 18:35:41,0.31634512577618373,442544128.0,12.0
2026-04-08 18:35:49,0.36973111504836903,442626048.0,12.0
2026-04-08 18:35:56,0.3993421878635956,498806784.0,12.0
2026-04-08 18:36:04,0.3848227500085408,500531200.0,12.0
2026-04-08 18:36:12,0.4478691495482655,500531200.0,12.0
2026-04-08 18:36:19,0.45618338582586543,513265664.0,12.0
2026-04-08 18:36:27,0.526352541265836,516632576.0,12.0
2026-04-08 18:36:34,0.47921387126535997,515768320.0,12.0
2026-04-08 18:36:42,0.5865242903042994,515768320.0,12.0
2026-04-08 18:36:49,0.4696638707271724,472145920.0,12.0
2026-04-08 18:36:57,0.5286530776505358,470327296.0,12.0
2026-04-08 18:37:04,0.47722769688295885,505995264.0,12.0
2026-04-08 18:37:12,0.4619400680163883,505995264.0,12.0
2026-04-08 18:37:19,0.34251139766814054,516304896.0,12.0
2026-04-08 18:37:26,0.4455645772663084,523177984.0,12.0
2026-04-08 18:37:34,0.3468996743492884,522739712.0,12.0
2026-04-08 18:37:41,0.44314612748897547,522739712.0,12.0
2026-04-08 18:37:49,0.4119013224685295,527769600.0,12.0
2026-04-08 18:37:56,0.5248689018860268,524656640.0,12.0
2026-04-08 18:38:04,0.4813101308687002,524460032.0,12.0
2026-04-08 18:38:12,0.3800061285211395,524460032.0,12.0
2026-04-08 18:38:19,0.5403533896445223,521240576.0,12.0
2026-04-08 18:38:27,0.5194148643098239,508276736.0,12.0
2026-04-08 18:38:34,0.49599188931376287,506527744.0,12.0
2026-04-08 18:38:41,0.5613890043442814,506527744.0,12.0
2026-04-08 18:38:49,0.5055007399421378,506224640.0,12.0
2026-04-08 18:38:56,0.5801948507475321,496762880.0,12.0
2026-04-08 18:39:04,0.5194539564708344,498044928.0,12.0
2026-04-08 18:39:12,0.4850717609163981,498044928.0,12.0
2026-04-08 18:39:19,0.5698725005048247,493588480.0,12.0
2026-04-08 18:39:27,0.5962202751174386,484147200.0,12.0
2026-04-08 18:39:35,0.6006027572422098,484335616.0,12.0
2026-04-08 18:39:42,0.5051227721929038,484335616.0,12.0
2026-04-08 18:39:50,0.5876918490906303,477814784.0,12.0
2026-04-08 18:39:57,0.6004003126647067,475516928.0,12.0
2026-04-08 18:40:05,0.6006391969125826,475136000.0,12.0
2026-04-08 18:40:13,0.5222988553189436,475136000.0,12.0
2026-04-08 18:40:20,0.5914689107134132,470032384.0,12.0
2026-04-08 18:40:28,0.5770736928976796,467681280.0,12.0
2026-04-08 18:40:35,0.5989244527441314,467341312.0,12.0
2026-04-08 18:40:43,0.5312105679716875,467341312.0,12.0
2026-04-08 18:40:50,0.6218424153399813,462028800.0,12.0
2026-04-08 18:40:58,0.6135130616959671,460410880.0,12.0
2026-04-08 18:41:06,0.5481835426606414,459964416.0,12.0
2026-04-08 18:41:13,0.4340937471633277,459964416.0,12.0
2026-04-08 18:41:21,0.45944936378816836,448458752.0,12.0
2026-04-08 18:41:28,0.40024389991285597,448421888.0,12.0
2026-04-08 18:41:36,0.4091825989080939,448020480.0,12.0
2026-04-08 18:41:44,0.3255217276009061,447787008.0,12.0
2026-04-08 18:41:51,0.3728623976511538,447787008.0,12.0
2026-04-08 18:41:59,0.36652600218919656,447225856.0,12.0
2026-04-08 18:42:06,0.3847880237994885,447295488.0,12.0
2026-04-08 18:42:14,0.33680417327557394,447111168.0,12.0
2026-04-08 18:42:21,0.3581224435888092,447111168.0,12.0
2026-04-08 18:42:29,0.38294198298996923,447770624.0,12.0
2026-04-08 18:42:37,0.3783250141269777,447770624.0,12.0
2026-04-08 18:42:44,0.3312304247958852,447913984.0,12.0
2026-04-08 18:42:52,0.32908892625718644,447913984.0,12.0
2026-04-08 18:42:59,0.35083766203089783,448282624.0,12.0
2026-04-08 18:43:07,0.3739879461294335,447934464.0,12.0
2026-04-08 18:43:15,0.3741966298279943,447057920.0,12.022026-04-08 18:43:22,0.3510191563322286,447057920.0,12.0
2026-04-08 18:43:30,0.32328222474175594,447053824.0,12.0
2026-04-08 18:43:37,0.37938185098247124,446902272.0,12.0
2026-04-08 18:43:45,0.37071224846066536,447045632.0,12.0
2026-04-08 18:43:52,0.3242693295411209,447045632.0,12.0
2026-04-08 18:44:00,0.34899964206453926,446980096.0,12.0
2026-04-08 18:44:08,0.3790260274531614,447045632.0,12.0
2026-04-08 18:44:15,0.3676561799550923,446734336.0,12.0
2026-04-08 18:44:23,0.35290814547807803,446734336.0,12.0
2026-04-08 18:44:30,0.31325020458696057,446996480.0,12.0
2026-04-08 18:44:38,0.3882486425162355,446631936.0,12.0
2026-04-08 18:44:45,0.3845629776283634,447029248.0,12.0
2026-04-08 18:44:53,0.3598452188485828,447029248.0,12.0
2026-04-08 18:45:00,0.3694044458913488,447041536.0,12.0
2026-04-08 18:45:08,0.36179831074285074,447004672.0,12.0
2026-04-08 18:45:15,0.3647838490320732,447279104.0,12.0
2026-04-08 18:45:23,0.3528849476976096,447279104.0,12.0
2026-04-08 18:45:31,0.35108097603438504,447172608.0,12.0
2026-04-08 18:45:38,0.360312849953316,447098880.0,12.0
2026-04-08 18:45:46,0.3770208865791279,453251072.0,12.0
2026-04-08 18:45:53,0.3492281815130352,453251072.0,12.0
2026-04-08 18:46:01,0.37066955046890687,454209536.0,12.0
2026-04-08 18:46:08,0.4311815108431417,515731456.0,12.0
2026-04-08 18:46:16,0.5002545653350171,517779456.0,12.0
2026-04-08 18:46:23,0.46130807809443225,517779456.0,12.0
2026-04-08 18:46:31,0.5646829177135512,524255232.0,12.0
2026-04-08 18:46:39,0.5726279095323082,523214848.0,12.0
2026-04-08 18:46:46,0.5228196669125653,526655488.0,12.0
2026-04-08 18:46:54,0.46418937283393774,528482304.0,12.0
2026-04-08 18:47:01,0.4977351273230557,528482304.0,12.0
2026-04-08 18:47:09,0.5696895012732726,525537280.0,12.0
2026-04-08 18:47:17,0.5754542883466603,526987264.0,12.0
2026-04-08 18:47:24,0.5558832549612422,482689024.0,12.0
2026-04-08 18:47:32,0.48152286944281536,482689024.0,12.0
2026-04-08 18:47:40,0.49184953624779637,451014656.0,12.0
2026-04-08 18:47:47,0.4525358544113667,488275968.0,12.0
2026-04-08 18:47:55,0.36955987125045325,491188224.0,12.0
2026-04-08 18:48:03,0.3006177385630474,491188224.0,12.0
2026-04-08 18:48:10,0.32723619928481473,524427264.0,12.0
2026-04-08 18:48:18,0.441326391424432,525512704.0,12.0
2026-04-08 18:48:26,0.4851323531243045,515813376.0,12.0
2026-04-08 18:48:34,0.49943638931700846,515813376.0,12.0
2026-04-08 18:48:41,0.3954734513038161,470167552.0,12.0
2026-04-08 18:48:49,0.3835567695299038,442724352.0,12.0
2026-04-08 18:48:57,0.3885658709545877,471744512.0,12.0
2026-04-08 18:49:04,0.3895381731137185,471601152.0,12.0
2026-04-08 18:49:12,0.27562656704998495,471601152.0,12.0
2026-04-08 18:49:20,0.3800934953777687,494362624.0,12.0
2026-04-08 18:49:27,0.4298023211719047,493674496.0,12.0
2026-04-08 18:49:35,0.47986420297440857,484577280.0,12.0
2026-04-08 18:49:42,0.49100577120473804,484577280.0,12.0
2026-04-08 18:49:50,0.44801538554349385,479670272.0,12.0
2026-04-08 18:49:58,0.5106926100946527,479617024.0,12.0
2026-04-08 18:50:05,0.5426288289287985,472068096.0,12.0
2026-04-08 18:50:13,0.49032482080572,472068096.0,12.0
2026-04-08 18:50:21,0.5586927413446346,466784256.0,12.0
2026-04-08 18:50:28,0.5933772885055543,465932288.0,12.0
2026-04-08 18:50:36,0.6088251594170685,461316096.0,12.0
2026-04-08 18:50:43,0.5684991304358383,461316096.0,12.0
2026-04-08 18:50:51,0.5451273543790578,461303808.0,12.0
2026-04-08 18:50:58,0.5432728673409961,451616768.0,12.0
2026-04-08 18:51:06,0.5404105290243769,451379200.0,12.0
2026-04-08 18:51:14,0.43326424206551606,450560000.0,12.0
2026-04-08 18:51:21,0.4515527282246424,450560000.0,12.0
2026-04-08 18:51:29,0.4218976214415709,450711552.0,12.0
2026-04-08 18:51:36,0.3994560074345276,449933312.0,12.0
2026-04-08 18:51:44,0.35554469720185605,449261568.0,12.0
2026-04-08 18:51:51,0.3405382474332708,449261568.0,12.0
2026-04-08 18:51:59,0.3413074940985494,449015808.0,12.0
2026-04-08 18:52:07,0.38197308315696565,449028096.0,12.0
2026-04-08 18:52:14,0.3291609806003753,449421312.0,12.0
2026-04-08 18:52:22,0.4022756928789023,449421312.0,12.0
2026-04-08 18:52:29,0.35947242501239296,449794048.0,12.0
2026-04-08 18:52:37,0.3939571439587156,449495040.0,12.0
2026-04-08 18:52:45,0.3947890664878797,449548288.0,12.0
2026-04-08 18:52:52,0.35845083757552537,449548288.0,12.0
2026-04-08 18:53:00,0.31699505351187257,449544192.0,12.0
2026-04-08 18:53:07,0.37921985574528505,449970176.0,12.0
2026-04-08 18:53:15,0.37528840047033923,449687552.0,12.0
2026-04-08 18:53:22,0.3440429581710368,449687552.0,12.0
2026-04-08 18:53:30,0.3361659983122633,449478656.0,12.0
2026-04-08 18:53:38,0.36901407066870684,449253376.0,12.0
2026-04-08 18:53:45,0.36624660417068816,449417216.0,12.0
2026-04-08 18:53:53,0.3335088901356323,449417216.0,12.0
2026-04-08 18:54:00,0.3565837901338797,449794048.0,12.0
2026-04-08 18:54:08,0.3696052705631724,449200128.0,12.0
2026-04-08 18:54:16,0.37898550546170795,449490944.0,12.0
2026-04-08 18:54:23,0.36568202617497125,449490944.0,12.0
2026-04-08 18:54:31,0.3187479503366332,449679360.0,12.0
2026-04-08 18:54:38,0.3457253035933695,449560576.0,12.0
2026-04-08 18:54:46,0.3546972515146346,449261568.0,12.0
2026-04-08 18:54:53,0.35849105928604524,449261568.0,12.0
2026-04-08 18:55:00,0.3504228863455661,449249280.0,12.0
2026-04-08 18:55:08,0.3629840758116925,449884160.0,12.0
2026-04-08 18:55:15,0.3691645041468038,449933312.0,12.0
2026-04-08 18:55:22,0.33930615493473554,449933312.0,12.0
2026-04-08 18:55:30,0.3592818199159647,449536000.0,12.0
2026-04-08 18:55:37,0.3726406941537183,449572864.0,12.0
2026-04-08 18:55:45,0.3711178092742662,449990656.0,12.0
2026-04-08 18:55:52,0.3401516465228146,449990656.0,12.0
2026-04-08 18:55:59,0.39931645676972854,510791680.0,12.0
2026-04-08 18:56:07,0.43843221183710884,513482752.0,12.0
2026-04-08 18:56:14,0.506985162420965,521912320.0,12.0
2026-04-08 18:56:22,0.5051618302648971,521912320.0,12.0
2026-04-08 18:56:29,0.5365199438187208,525430784.0,12.0
2026-04-08 18:56:37,0.5419237816322526,525246464.0,12.0
2026-04-08 18:56:44,0.47051686574431767,526241792.0,12.0
2026-04-08 18:56:51,0.5179791403996576,526241792.0,12.0
2026-04-08 18:56:59,0.5286890780984103,523149312.0,12.0
2026-04-08 18:57:06,0.4884232806116087,523849728.0,12.0
2026-04-08 18:57:14,0.45147182782497186,525107200.0,12.0
2026-04-08 18:57:21,0.5262027965025183,525107200.0,12.0
2026-04-08 18:57:28,0.5261214495778026,526553088.0,12.0
2026-04-08 18:57:36,0.5676201408112136,527319040.0,12.0
2026-04-08 18:57:43,0.48483289608302205,527319040.0,12.0
2026-04-08 18:57:51,0.5258739641567284,483848192.0,12.0
2026-04-08 18:57:58,0.47344816394265243,465031168.0,12.0
2026-04-08 18:58:06,0.45536954585156064,488865792.0,12.0
2026-04-08 18:58:13,0.2875704747025674,488865792.0,12.0
2026-04-08 18:58:21,0.3421515319829569,504143872.0,12.0
2026-04-08 18:58:29,0.4166142267400581,521621504.0,12.0
2026-04-08 18:58:36,0.4156473715011953,469127168.0,12.0
2026-04-08 18:58:44,0.4332551603374555,490913792.0,12.0
2026-04-08 18:58:51,0.40618844793100545,490913792.0,12.0
2026-04-08 18:58:59,0.2970764296360996,463605760.0,12.0
2026-04-08 18:59:06,0.3566116200882308,497152000.0,12.0
2026-04-08 18:59:14,0.3242904723322955,500002816.0,12.0
2026-04-08 18:59:22,0.34690388539031736,500002816.0,12.0
2026-04-08 18:59:29,0.4775965845298555,493084672.0,12.0
2026-04-08 18:59:37,0.48971098054195605,492478464.0,12.0
2026-04-08 18:59:44,0.4436857221916376,486248448.0,12.0
2026-04-08 18:59:52,0.46328868913317917,486248448.0,12.0
2026-04-08 19:00:00,0.5213363470799972,479535104.0,12.0
2026-04-08 19:00:07,0.5396900940038203,479408128.0,12.0
2026-04-08 19:00:15,0.5677677550428728,474177536.0,12.0
2026-04-08 19:00:22,0.5197152619572335,474177536.0,12.0
2026-04-08 19:00:30,0.5586731312843702,474042368.0,12.0
2026-04-08 19:00:37,0.5692116556846888,470441984.0,12.0
2026-04-08 19:00:45,0.5550840544432605,469819392.0,12.0
2026-04-08 19:00:53,0.43505594273728665,469819392.0,12.0
2026-04-08 19:01:00,0.5707345331962369,460021760.0,12.0
2026-04-08 19:01:08,0.5179297042283476,457641984.0,12.0
2026-04-08 19:01:15,0.4971962277679128,457728000.0,12.0
2026-04-08 19:01:23,0.37569771708268185,457728000.0,12.0
2026-04-08 19:01:30,0.3934802536268604,457908224.0,12.0
2026-04-08 19:01:38,0.3522265666871647,457519104.0,12.0
2026-04-08 19:01:46,0.3591114009070952,457760768.0,12.0
2026-04-08 19:01:53,0.3647709445545878,457760768.0,12.0
2026-04-08 19:02:01,0.33118288242258515,456511488.0,12.0
2026-04-08 19:02:08,0.38713083066499643,456429568.0,12.0
2026-04-08 19:02:16,0.36630830159368366,456568832.0,12.0
2026-04-08 19:02:23,0.3181112187146729,456568832.0,12.0
2026-04-08 19:02:31,0.3234812319174339,456462336.0,12.0
2026-04-08 19:02:39,0.39433077096610564,456429568.0,12.0
2026-04-08 19:02:46,0.39454887120310084,456794112.0,12.0
2026-04-08 19:02:54,0.33764042634183694,456982528.0,12.0
2026-04-08 19:03:01,0.3886590315062152,456982528.0,12.0
2026-04-08 19:03:09,0.36210736370671565,456630272.0,12.0
2026-04-08 19:03:17,0.3696933460876545,456667136.0,12.0
2026-04-08 19:03:24,0.3657827099470149,455639040.0,12.0
2026-04-08 19:03:32,0.36210812401361375,455639040.0,12.0
2026-04-08 19:03:40,0.3742444530211782,455487488.0,12.0
2026-04-08 19:03:48,0.3745696112865331,455778304.0,12.0
2026-04-08 19:03:55,0.3906964602378647,455675904.0,12.0
2026-04-08 19:04:03,0.3826336044883619,455675904.0,12.0
2026-04-08 19:04:10,0.36326681328740135,455725056.0,12.0
2026-04-08 19:04:18,0.37614181127140434,455725056.0,12.0
2026-04-08 19:04:26,0.3722601991447381,456212480.0,12.0
2026-04-08 19:04:33,0.2964430791748233,456212480.0,12.0
2026-04-08 19:04:41,0.36688972183485213,456531968.0,12.0
2026-04-08 19:04:49,0.3386657445772092,456482816.0,12.0
2026-04-08 19:04:56,0.36605882171031995,456462336.0,12.0
2026-04-08 19:05:04,0.33770415648880386,456572928.0,12.0
2026-04-08 19:05:12,0.36478957989640626,456572928.0,12.0
2026-04-08 19:05:20,0.35228491626482694,456323072.0,12.0
2026-04-08 19:05:27,0.3670085401476543,455856128.0,12.0
2026-04-08 19:05:35,0.34340222372664564,456028160.0,12.0
2026-04-08 19:05:42,0.3004141387394322,456028160.0,12.0
2026-04-08 19:05:50,0.3465170160501574,455897088.0,12.0
2026-04-08 19:05:57,0.3699196648380754,467779584.0,12.0
2026-04-08 19:06:05,0.40643567093568483,468238336.0,12.0
2026-04-08 19:06:13,0.36468987236392514,468238336.0,12.0
2026-04-08 19:06:20,0.5139391399673652,526585856.0,12.0
2026-04-08 19:06:28,0.5435370659837881,483938304.0,12.0
2026-04-08 19:06:35,0.5214908465219356,481644544.0,12.0
2026-04-08 19:06:43,0.4867867736505382,481644544.0,12.0
2026-04-08 19:06:51,0.36473160145744726,482189312.0,12.0
2026-04-08 19:06:58,0.3968673434273783,534843392.0,12.0
2026-04-08 19:07:06,0.40789844489925703,540655616.0,12.0
2026-04-08 19:07:14,0.3646647062469109,492535808.0,12.0
2026-04-08 19:07:21,0.4205681654129939,492535808.0,12.0
2026-04-08 19:07:29,0.4283344235087459,456720384.0,12.0
2026-04-08 19:07:37,0.34756251428915563,456179712.0,12.0
2026-04-08 19:07:44,0.26228080943875537,456863744.0,12.0
2026-04-08 19:07:52,0.2609927237538836,456863744.0,12.0
2026-04-08 19:07:59,0.23440768750302082,456978432.0,12.0
2026-04-08 19:08:07,0.23600939143830185,457154560.0,12.0
2026-04-08 19:08:14,0.1770272964403628,450646016.0,12.0
2026-04-08 19:08:22,0.1962600980216853,450646016.0,12.0
2026-04-08 19:08:30,0.236001353390609,447332352.0,12.0
2026-04-08 19:08:37,0.23301893841810262,447377408.0,12.0
2026-04-08 19:08:45,0.2380887696802293,442531840.0,12.0
2026-04-08 19:08:52,0.23401801942270128,442531840.0,12.0
2026-04-08 19:09:00,0.1906428074629967,442437632.0,12.0
2026-04-08 19:09:08,0.2452520753348486,439271424.0,12.0
2026-04-08 19:09:15,0.24651785852509486,440700928.0,12.0
2026-04-08 19:09:23,0.1876823491127486,440700928.0,12.0
2026-04-08 19:09:30,0.25008020481948917,434196480.0,12.0
2026-04-08 19:09:38,0.24722251615762886,434421760.0,12.0
2026-04-08 19:09:45,0.24736987300354726,434561024.0,12.0
2026-04-08 19:09:53,0.20008750493190927,434561024.0,12.0
2026-04-08 19:10:01,0.23281037671159446,430743552.0,12.0
2026-04-08 19:10:08,0.19936481997942923,431386624.0,12.0
2026-04-08 19:10:16,0.20462254797778515,433762304.0,12.0
2026-04-08 19:10:23,0.1705798553502363,433762304.0,12.0
2026-04-08 19:10:31,0.21320576699188867,454533120.0,12.0
2026-04-08 19:10:39,0.184437153884153,454365184.0,12.0
2026-04-08 19:10:46,0.17899190842525572,455303168.0,12.0
2026-04-08 19:10:54,0.13770758711665376,455385088.0,12.0
2026-04-08 19:11:01,0.13499902048475326,455385088.0,12.0
2026-04-08 19:11:09,0.10286671967624042,456753152.0,12.0
2026-04-08 19:11:16,0.0887009058640924,455966720.0,12.0
2026-04-08 19:11:24,0.07496472833942555,456089600.0,12.0
2026-04-08 19:11:32,0.06736212173700107,456089600.0,12.0
2026-04-08 19:11:39,0.05766444079551958,451158016.0,12.0
2026-04-08 19:11:47,0.05362832099401006,451985408.0,12.0
2026-04-08 19:11:55,0.05813946543248664,446566400.0,12.0
2026-04-08 19:12:02,0.05603662632546662,446566400.0,12.0
2026-04-08 19:12:10,0.052791910323802566,447447040.0,12.0
2026-04-08 19:12:18,0.060484592103092434,446492672.0,12.0
2026-04-08 19:12:25,0.07211420939274915,449572864.0,12.0
2026-04-08 19:12:33,0.060294641049133485,449572864.0,12.0
2026-04-08 19:12:40,0.11408938249362582,452001792.0,12.0
2026-04-08 19:12:48,0.1757935965973019,450273280.0,12.0
2026-04-08 19:12:56,0.2886482060328588,451928064.0,12.0
2026-04-08 19:13:03,0.28706905381755604,451928064.0,12.0
2026-04-08 19:13:11,0.33597232309589536,454377472.0,12.0
2026-04-08 19:13:18,0.356508569169691,454311936.0,12.0
2026-04-08 19:13:26,0.3638282772854016,457224192.0,12.0
2026-04-08 19:13:34,0.31956168763390974,456032256.0,12.0
2026-04-08 19:13:41,0.38191907506789213,456032256.0,12.0
2026-04-08 19:13:49,0.36110071429753604,456118272.0,12.0
2026-04-08 19:13:57,0.329290082005013,456142848.0,12.0
2026-04-08 19:14:04,0.32151521072194134,456949760.0,12.0
2026-04-08 19:14:12,0.3457812965249481,456949760.0,12.0
2026-04-08 19:14:19,0.3255905388347392,456900608.0,12.0
2026-04-08 19:14:27,0.3345480554698702,458313728.0,12.0
2026-04-08 19:14:34,0.3669088537789119,458579968.0,12.0
2026-04-08 19:14:42,0.332049894731252,458579968.0,12.0
2026-04-08 19:14:49,0.3249099881963074,459046912.0,12.0
2026-04-08 19:14:57,0.34216998053158876,459157504.0,12.0
2026-04-08 19:15:04,0.28784920881347276,459603968.0,12.0
2026-04-08 19:15:12,0.35438726295887696,459603968.0,12.0
2026-04-08 19:15:19,0.35327371550720194,459350016.0,12.0
2026-04-08 19:15:26,0.36586216895355694,459792384.0,12.0
2026-04-08 19:15:34,0.32150213231696806,460054528.0,12.0
2026-04-08 19:15:41,0.32931283706564135,460054528.0,12.0
2026-04-08 19:15:49,0.32788641995065976,460324864.0,12.0
2026-04-08 19:15:56,0.39062250314217,466001920.0,12.0
2026-04-08 19:16:03,0.3497210904308073,535400448.0,12.0
2026-04-08 19:16:11,0.4152982961034106,535400448.0,12.0
2026-04-08 19:16:19,0.5097951669072982,541949952.0,12.0
2026-04-08 19:16:26,0.5100570220283677,541630464.0,12.0
2026-04-08 19:16:34,0.4558667332989943,541933568.0,12.0
2026-04-08 19:16:41,0.5462580267950947,541933568.0,12.0
2026-04-08 19:16:49,0.5650981205213699,542670848.0,12.0
2026-04-08 19:16:56,0.5198314087773191,497672192.0,12.0
2026-04-08 19:17:03,0.46436242116356236,497672192.0,12.0
2026-04-08 19:17:11,0.4683213363471042,498683904.0,12.0
2026-04-08 19:17:18,0.4028467412847151,527339520.0,12.0
2026-04-08 19:17:26,0.4272713570855189,528404480.0,12.0
2026-04-08 19:17:33,0.32772305466891927,528404480.0,12.0
2026-04-08 19:17:41,0.37464972616212755,545738752.0,12.0
2026-04-08 19:17:48,0.366908990017022,498274304.0,12.0
2026-04-08 19:17:56,0.40123257221522535,482934784.0,12.0
2026-04-08 19:18:03,0.37597395118242305,482934784.0,12.0
2026-04-08 19:18:10,0.32102317145473475,467820544.0,12.0
2026-04-08 19:18:18,0.2603955231631905,464523264.0,12.0
2026-04-08 19:18:25,0.22142207164901692,465117184.0,12.0
2026-04-08 19:18:33,0.19474535682321045,465117184.0,12.0
2026-04-08 19:18:40,0.23540610560939806,461328384.0,12.0
2026-04-08 19:18:47,0.23825111261718715,461537280.0,12.0
2026-04-08 19:18:55,0.23893574598014009,458416128.0,12.0
2026-04-08 19:19:02,0.191942934295028,458416128.0,12.0
2026-04-08 19:19:10,0.24155106269197862,453152768.0,12.0
2026-04-08 19:19:17,0.23892659043766692,457838592.0,12.0
2026-04-08 19:19:25,0.24426283077521904,453746688.0,12.0
2026-04-08 19:19:32,0.2345349032085211,453746688.0,12.0
2026-04-08 19:19:40,0.23837524635414828,449941504.0,12.0
2026-04-08 19:19:48,0.20862213948167338,450531328.0,12.0
2026-04-08 19:19:55,0.23510219649358916,450850816.0,12.0
2026-04-08 19:20:02,0.22746241954912363,450850816.0,12.0
2026-04-08 19:20:10,0.22207880123028562,445472768.0,12.0
2026-04-08 19:20:17,0.22435827235048217,446574592.0,12.0
2026-04-08 19:20:25,0.1984111340991661,447102976.0,12.0
2026-04-08 19:20:32,0.19316625143397081,447102976.0,12.0
2026-04-08 19:20:40,0.181100596662119,448036864.0,12.0
2026-04-08 19:20:47,0.15705590834823427,448978944.0,12.0
2026-04-08 19:20:54,0.13201999155077893,447455232.0,12.0
2026-04-08 19:21:02,0.11788063272333395,447455232.0,12.0
2026-04-08 19:21:09,0.08932410602558244,447705088.0,12.0
2026-04-08 19:21:16,0.07908799570406881,448204800.0,12.0
2026-04-08 19:21:24,0.055666229495702574,448847872.0,12.0
2026-04-08 19:21:31,0.05552143559863092,448847872.0,12.0
2026-04-08 19:21:39,0.05703589017083466,449630208.0,12.0
2026-04-08 19:21:46,0.05206493463674434,450383872.0,12.0
2026-04-08 19:21:53,0.04825125272829938,450383872.0,12.0
2026-04-08 19:22:01,0.04215441119818711,450801664.0,12.0
2026-04-08 19:22:08,0.05537936705908892,450748416.0,12.0
2026-04-08 19:22:15,0.05211330535687109,452112384.0,12.0
2026-04-08 19:22:23,0.047668328251365785,452112384.0,12.0
2026-04-08 19:22:30,0.0570726764630607,440561664.0,12.0
2026-04-08 19:22:37,0.059472661386005043,442150912.0,12.0
2026-04-08 19:22:45,0.05863618232305755,445546496.0,12.0
2026-04-08 19:22:52,0.050482148418540825,445546496.0,12.0
2026-04-08 19:22:59,0.05663987722333525,444940288.0,12.0
2026-04-08 19:23:07,0.08766832102025096,468021248.0,12.0
2026-04-08 19:23:14,0.07935002969305965,482131968.0,12.0
2026-04-08 19:23:21,0.09256114286961291,482131968.0,12.0
2026-04-08 19:23:28,0.08246915576357657,469790720.0,12.0
2026-04-08 19:23:36,0.08731965667468679,469938176.0,12.0
2026-04-08 19:23:43,0.06385026962162264,469938176.0,12.0
2026-04-08 19:23:51,0.06386704794732759,470835200.0,12.0
2026-04-08 19:23:58,0.05327467628840861,471027712.0,12.0
2026-04-08 19:24:05,0.05506908575487667,472588288.0,12.0
2026-04-08 19:24:13,0.047898923088549435,472588288.0,12.0
2026-04-08 19:24:20,0.048240252148411204,473317376.0,12.0
2026-04-08 19:24:27,0.05465446674999172,472674304.0,12.0
2026-04-08 19:24:35,0.05674131121466184,473952256.0,12.0
2026-04-08 19:24:42,0.04682202952368759,473952256.0,12.0
2026-04-08 19:24:49,0.057191467705706954,475009024.0,12.0
2026-04-08 19:24:57,0.06166086218839322,473395200.0,12.0
2026-04-08 19:25:04,0.052256077051016585,474386432.0,12.0
2026-04-08 19:25:11,0.05923865568966385,474386432.0,12.0
2026-04-08 19:25:19,0.06920034129568385,476893184.0,12.0
2026-04-08 19:25:26,0.10935332693979466,475840512.0,12.0
2026-04-08 19:25:34,0.10623585661194712,479461376.0,12.0
2026-04-08 19:25:42,0.18778237601492312,479461376.0,12.0
2026-04-08 19:25:49,0.26286602486824784,479838208.0,12.0
2026-04-08 19:25:57,0.3859314791504718,518103040.0,12.0
2026-04-08 19:26:04,0.45980194961085596,559546368.0,12.0
2026-04-08 19:26:12,0.4313827562548292,559546368.0,12.0
2026-04-08 19:26:20,0.4513771299473118,571551744.0,12.0
2026-04-08 19:26:27,0.47602510206124565,533004288.0,12.0
2026-04-08 19:26:35,0.4459857833601022,523796480.0,12.0
2026-04-08 19:26:42,0.39417608379322533,523796480.0,12.0
2026-04-08 19:26:50,0.24309548485442722,546762752.0,12.0
2026-04-08 19:26:57,0.3689383072051791,575033344.0,12.0
2026-04-08 19:27:05,0.39613561498543015,576249856.0,12.0
2026-04-08 19:27:13,0.34961374171175386,576249856.0,12.0
2026-04-08 19:27:20,0.37693580868524174,531361792.0,12.0
2026-04-08 19:27:28,0.3879153469867886,502325248.0,12.0
2026-04-08 19:27:35,0.3419772670576215,502263808.0,12.0
2026-04-08 19:27:43,0.24512316818891094,502263808.0,12.0
2026-04-08 19:27:50,0.19499776029925983,502771712.0,12.0
2026-04-08 19:27:58,0.22734349358246883,501592064.0,12.0
2026-04-08 19:28:06,0.20619814310355303,502439936.0,12.0
2026-04-08 19:28:13,0.17149145099413635,502439936.0,12.0
2026-04-08 19:28:21,0.23363038767232303,494977024.0,12.0
2026-04-08 19:28:28,0.23596535561966747,493699072.0,12.0
2026-04-08 19:28:36,0.23351404054165176,489598976.0,12.0
2026-04-08 19:28:44,0.2270726404068034,489598976.0,12.0
2026-04-08 19:28:51,0.1884574394753841,490598400.0,12.0
2026-04-08 19:28:59,0.24033430482429902,487251968.0,12.0
2026-04-08 19:29:07,0.24097908618586306,485588992.0,12.0
2026-04-08 19:29:14,0.24274560429909034,485597184.0,12.0
2026-04-08 19:29:22,0.2290665194105295,485597184.0,12.0
2026-04-08 19:29:29,0.24114574148903015,483618816.0,12.0
2026-04-08 19:29:37,0.233754052514789,478502912.0,12.0
2026-04-08 19:29:44,0.22912450344178145,479580160.0,12.0
2026-04-08 19:29:52,0.1856557120440902,479580160.0,12.0
2026-04-08 19:30:00,0.22918568402251563,482246656.0,12.0
2026-04-08 19:30:07,0.2259698670887683,475054080.0,12.0
2026-04-08 19:30:15,0.19330032304516387,474673152.0,12.0
2026-04-08 19:30:22,0.16306547488968304,474673152.0,12.0
2026-04-08 19:30:30,0.21001394521146902,475774976.0,12.0
2026-04-08 19:30:37,0.1809725058662503,476569600.0,12.0
2026-04-08 19:30:45,0.1579975260476012,476553216.0,12.0
2026-04-08 19:30:52,0.12706040664149224,476553216.0,12.0
2026-04-08 19:31:00,0.12502346983803442,477708288.0,12.0
2026-04-08 19:31:07,0.10625405951384856,475803648.0,12.0
2026-04-08 19:31:15,0.0826240198576627,477097984.0,12.0
2026-04-08 19:31:23,0.07231108063780675,477097984.0,12.0
2026-04-08 19:31:30,0.06443997325439361,478306304.0,12.0
2026-04-08 19:31:38,0.05988273391108736,478470144.0,12.0
2026-04-08 19:31:45,0.06114477079481109,478470144.0,12.0
2026-04-08 19:31:53,0.04499586038478505,478470144.0,12.0
2026-04-08 19:32:00,0.04991148489684078,478978048.0,12.0
2026-04-08 19:32:08,0.05452243517379819,479588352.0,12.0
2026-04-08 19:32:16,0.05126367876143248,483078144.0,12.0
2026-04-08 19:32:24,0.04463891224687405,483078144.0,12.0
2026-04-08 19:32:31,0.07818839019828248,505430016.0,12.0
2026-04-08 19:32:39,0.0764562906368318,506167296.0,12.0
2026-04-08 19:32:47,0.07831906337369775,507334656.0,12.0
2026-04-08 19:32:54,0.06612525906100046,502120448.0,12.0
2026-04-08 19:33:02,0.07361401692658655,502120448.0,12.0
2026-04-08 19:33:09,0.057188532991868685,497819648.0,12.0
2026-04-08 19:33:17,0.057352754540583896,498864128.0,12.0
2026-04-08 19:33:25,0.05624249137591375,498368512.0,12.0
2026-04-08 19:33:32,0.054835968114800675,498368512.0,12.0
2026-04-08 19:33:40,0.045107546897612066,498397184.0,12.0
2026-04-08 19:33:48,0.055796896569149636,499666944.0,12.0
2026-04-08 19:33:55,0.055185477292413014,499712000.0,12.0
2026-04-08 19:34:03,0.05258067070083323,499712000.0,12.0
2026-04-08 19:34:11,0.048983175946421674,499351552.0,12.0
2026-04-08 19:34:18,0.0562882057520169,500174848.0,12.0
2026-04-08 19:34:26,0.06591231334155798,501526528.0,12.0
2026-04-08 19:34:33,0.06049915001648554,501526528.0,12.0
2026-04-08 19:34:42,0.07087629516913901,502345728.0,12.0
2026-04-08 19:34:49,0.17046288128184725,505749504.0,12.0
2026-04-08 19:34:57,0.1898346089808686,506281984.0,12.0
2026-04-08 19:35:04,0.19087205267260382,508055552.0,12.0
2026-04-08 19:35:12,0.3337409261740625,508055552.0,12.0
2026-04-08 19:35:19,0.36866969237167563,510025728.0,12.0
2026-04-08 19:35:27,0.36869635946545587,510021632.0,12.0
2026-04-08 19:35:34,0.38200810380161493,512053248.0,12.0
2026-04-08 19:35:42,0.30947360813309255,512053248.0,12.0
2026-04-08 19:35:50,0.3622380985714445,511041536.0,12.0
2026-04-08 19:35:57,0.2964725368701156,511991808.0,12.0
2026-04-08 19:36:05,0.4572987509918201,581189632.0,12.0
2026-04-08 19:36:12,0.44958402787030105,581189632.0,12.0
2026-04-08 19:36:20,0.47522012265722235,602980352.0,12.0
2026-04-08 19:36:27,0.5122565678626233,558247936.0,12.0
2026-04-08 19:36:35,0.45737788025012,573476864.0,12.0
2026-04-08 19:36:43,0.4384763129571826,573476864.0,12.0
2026-04-08 19:36:50,0.36996648261199366,573915136.0,12.0
2026-04-08 19:36:58,0.372341867421474,596586496.0,12.0
2026-04-08 19:37:05,0.39476860972318506,601178112.0,12.0
2026-04-08 19:37:13,0.3589030828199961,601178112.0,12.0
2026-04-08 19:37:20,0.3970813978745113,551522304.0,12.0
2026-04-08 19:37:28,0.3832765265280831,552525824.0,12.0
2026-04-08 19:37:36,0.2289448492468934,460357632.0,12.0
2026-04-08 19:37:43,0.17328368626950438,460357632.0,12.0
2026-04-08 19:37:51,0.13816557587881173,460517376.0,12.0
2026-04-08 19:37:58,0.19567734632830955,513671168.0,12.0
2026-04-08 19:38:05,0.14956302950456402,518615040.0,12.0
2026-04-08 19:38:13,0.1695585739517358,518615040.0,12.0
2026-04-08 19:38:20,0.16617342243663308,519254016.0,12.0
2026-04-08 19:38:28,0.22358431530473546,506912768.0,12.0
2026-04-08 19:38:36,0.23857368808507332,507428864.0,12.0
2026-04-08 19:38:43,0.19250556354248535,507428864.0,12.0
2026-04-08 19:38:50,0.23767387026345208,503844864.0,12.0
2026-04-08 19:38:58,0.20274544508261663,504909824.0,12.0
2026-04-08 19:39:05,0.24346207338205744,496926720.0,12.0
2026-04-08 19:39:13,0.23347868216328768,496926720.0,12.0
2026-04-08 19:39:20,0.2510471510618748,450981888.0,12.0
2026-04-08 19:39:27,0.24281006433340652,451190784.0,12.0
2026-04-08 19:39:35,0.25059386029443675,446750720.0,12.0
2026-04-08 19:39:42,0.24710818481057592,446750720.0,12.0
2026-04-08 19:39:49,0.1919931471037014,447606784.0,12.0
2026-04-08 19:39:57,0.2397158688996747,449134592.0,12.0
2026-04-08 19:40:04,0.1998000226551631,447873024.0,12.0
2026-04-08 19:40:11,0.230115514277541,447873024.0,12.0
2026-04-08 19:40:19,0.17842692107762473,447893504.0,12.0
2026-04-08 19:40:26,0.20827715154800466,443080704.0,12.0
2026-04-08 19:40:33,0.16497707568887052,442310656.0,12.0
2026-04-08 19:40:41,0.1780658276615679,442310656.0,12.0
2026-04-08 19:40:48,0.1453748771916588,442830848.0,12.0
2026-04-08 19:40:56,0.12914679421466996,443248640.0,12.0
2026-04-08 19:41:04,0.10684204419339752,443248640.0,12.0
2026-04-08 19:41:11,0.09054345633152357,443228160.0,12.0
2026-04-08 19:41:19,0.07062526797840592,442208256.0,12.0
2026-04-08 19:41:26,0.07503127804920168,442753024.0,12.0
2026-04-08 19:41:34,0.050469648336660705,443224064.0,12.0
2026-04-08 19:41:41,0.058965542696697064,443224064.0,12.0
2026-04-08 19:41:48,0.05591573792894869,443244544.0,12.0
2026-04-08 19:41:56,0.05290424756588399,443793408.0,12.0
2026-04-08 19:42:03,0.04595700136786342,443793408.0,12.0
2026-04-08 19:42:11,0.05471301136276813,444203008.0,12.0
2026-04-08 19:42:18,0.05599910989116892,444915712.0,12.0
2026-04-08 19:42:25,0.05706152326844748,444928000.0,12.0
2026-04-08 19:42:33,0.05385776178018171,444928000.0,12.0
2026-04-08 19:42:40,0.045720273119076775,448552960.0,12.0
2026-04-08 19:42:48,0.08754774345523993,470896640.0,12.0
2026-04-08 19:42:55,0.07785172418328477,471015424.0,12.0
2026-04-08 19:43:03,0.07998202988857413,471015424.0,12.0
2026-04-08 19:43:10,0.07620150340537678,471891968.0,12.0
2026-04-08 19:43:18,0.07465853116547069,471658496.0,12.0
2026-04-08 19:43:25,0.06979448308020544,472752128.0,12.0
2026-04-08 19:43:33,0.04539359283429994,472752128.0,12.0
2026-04-08 19:43:40,0.05663915319471206,472797184.0,12.0
2026-04-08 19:43:47,0.059724410561193174,465182720.0,12.0
2026-04-08 19:43:55,0.06082520658606908,465166336.0,12.0
2026-04-08 19:44:02,0.050779641904711154,465166336.0,12.0
2026-04-08 19:44:10,0.05896014608170317,466771968.0,12.0
2026-04-08 19:44:17,0.05731664903645504,467496960.0,12.0
2026-04-08 19:44:24,0.0599866492963932,465625088.0,12.0
2026-04-08 19:44:32,0.05772855162839768,465625088.0,12.0
2026-04-08 19:44:40,0.07149949669854883,469323776.0,12.0
2026-04-08 19:44:47,0.11273105703799288,468901888.0,12.0
2026-04-08 19:44:54,0.21807222279734245,471859200.0,12.0
2026-04-08 19:45:02,0.2530576625005,471859200.0,12.0
2026-04-08 19:45:09,0.31605137002535316,474648576.0,12.0
2026-04-08 19:45:16,0.39865255628189505,474853376.0,12.0
2026-04-08 19:45:24,0.36429540809120775,477945856.0,12.0
2026-04-08 19:45:31,0.3779553327051946,477945856.0,12.0
2026-04-08 19:45:39,0.3990737226915496,476794880.0,12.0
2026-04-08 19:45:46,0.4081359648791109,476401664.0,12.0
2026-04-08 19:45:53,0.3531962295534877,476401664.0,12.0
2026-04-08 19:46:01,0.4141946781014109,499257344.0,12.0
2026-04-08 19:46:08,0.4351235788312586,553877504.0,12.0
2026-04-08 19:46:16,0.4687405599436689,560431104.0,12.0
2026-04-08 19:46:23,0.4768781036762706,560431104.0,12.0
2026-04-08 19:46:30,0.4661847629635176,520220672.0,12.0
2026-04-08 19:46:38,0.46751295625014067,518492160.0,12.0
2026-04-08 19:46:45,0.45350673376062123,547975168.0,12.0
2026-04-08 19:46:53,0.425448788722517,547975168.0,12.0
2026-04-08 19:47:00,0.2629583822095326,548438016.0,12.0
2026-04-08 19:47:08,0.43186518474137847,565268480.0,12.0
2026-04-08 19:47:15,0.46562265913343864,581689344.0,12.0
2026-04-08 19:47:23,0.423004126321723,581689344.0,12.0
2026-04-08 19:47:30,0.5055202841718651,584118272.0,12.0
2026-04-08 19:47:38,0.5152543008791812,523051008.0,12.0
2026-04-08 19:47:45,0.4514737934037903,523423744.0,12.0
2026-04-08 19:47:53,0.34972324104730756,523423744.0,12.0
2026-04-08 19:48:01,0.3662348064257305,497070080.0,12.0
2026-04-08 19:48:08,0.2761634647169364,494288896.0,12.0
2026-04-08 19:48:16,0.26752804180691603,494776320.0,12.0
2026-04-08 19:48:23,0.18212863644815427,494776320.0,12.0
2026-04-08 19:48:31,0.2366923303357505,491081728.0,12.0
2026-04-08 19:48:39,0.2373372954838492,481677312.0,12.0
2026-04-08 19:48:46,0.23611996078711125,484429824.0,12.0
2026-04-08 19:48:54,0.23215279287594298,484851712.0,12.0
2026-04-08 19:49:01,0.1953406618973789,484851712.0,12.0
2026-04-08 19:49:09,0.2425094217360189,478298112.0,12.0
2026-04-08 19:49:17,0.24278427490114018,478732288.0,12.0
2026-04-08 19:49:25,0.19858147008369068,476700672.0,12.0
2026-04-08 19:49:32,0.23363215133250145,476700672.0,12.0
2026-04-08 19:49:40,0.243991290583888,477233152.0,12.0
2026-04-08 19:49:48,0.24317016430573002,473812992.0,12.0
2026-04-08 19:49:55,0.23799066042525388,475041792.0,12.0
2026-04-08 19:50:03,0.23386754886517766,475041792.0,12.0
2026-04-08 19:50:11,0.2268353685468439,475045888.0,12.0
2026-04-08 19:50:18,0.21772828442767592,467505152.0,12.0
2026-04-08 19:50:26,0.19916448498160522,468426752.0,12.0
2026-04-08 19:50:33,0.19393070956333366,468426752.0,12.0
2026-04-08 19:50:41,0.16410218855563113,466477056.0,12.0
2026-04-08 19:50:48,0.1520931941270534,467787776.0,12.0
2026-04-08 19:50:56,0.12286325562198362,467734528.0,12.0
2026-04-08 19:51:03,0.11125934193181627,467734528.0,12.0
2026-04-08 19:51:11,0.09866912186487971,467795968.0,12.0
2026-04-08 19:51:19,0.08624936109154517,468324352.0,12.0
2026-04-08 19:51:26,0.06686416569518398,468402176.0,12.0
2026-04-08 19:51:34,0.04607035772253491,469147648.0,12.0
2026-04-08 19:51:41,0.05146434653720725,469147648.0,12.0
2026-04-08 19:51:49,0.05394194378294083,467525632.0,12.0
2026-04-08 19:51:56,0.05472265540582804,468070400.0,12.0
2026-04-08 19:52:03,0.04391749795094485,468926464.0,12.0
2026-04-08 19:52:11,0.0566576414900453,468926464.0,12.0
2026-04-08 19:52:18,0.05626821548857736,468967424.0,12.0
2026-04-08 19:52:26,0.06111470913342609,469643264.0,12.0
2026-04-08 19:52:33,0.05213399437984526,469643264.0,12.0
2026-04-08 19:52:41,0.058857237248656796,470274048.0,12.0
2026-04-08 19:52:48,0.05935153071403289,473579520.0,12.0
2026-04-08 19:52:55,0.05817717066642054,473493504.0,12.0
2026-04-08 19:53:03,0.05315541839507917,473493504.0,12.0
2026-04-08 19:53:10,0.07844796969284258,485126144.0,12.0
2026-04-08 19:53:18,0.07611664219837305,485900288.0,12.0
2026-04-08 19:53:25,0.07339588080944555,486432768.0,12.0
2026-04-08 19:53:32,0.07450938815566305,486432768.0,12.0
2026-04-08 19:53:40,0.049185218619601394,486428672.0,12.0
2026-04-08 19:53:47,0.058853422790869844,486977536.0,12.0
2026-04-08 19:53:55,0.06144519063162924,487673856.0,12.0
2026-04-08 19:54:02,0.05183035777420161,487673856.0,12.0
2026-04-08 19:54:09,0.07042234400084386,488288256.0,12.0
2026-04-08 19:54:17,0.0934968284955932,487858176.0,12.0
2026-04-08 19:54:24,0.10629259697761846,490606592.0,12.0
2026-04-08 19:54:32,0.16737799797097724,490606592.0,12.0
2026-04-08 19:54:39,0.28962945178439903,491114496.0,12.0
2026-04-08 19:54:46,0.31583662670823304,490921984.0,12.0
2026-04-08 19:54:54,0.30666245737920245,494104576.0,12.0
2026-04-08 19:55:01,0.3672114096755943,494104576.0,12.0
2026-04-08 19:55:08,0.3753432262905468,497414144.0,12.0
2026-04-08 19:55:16,0.3836071913398934,497262592.0,12.0
2026-04-08 19:55:23,0.3269145156108945,497262592.0,12.0
2026-04-08 19:55:31,0.4047489183789488,497807360.0,12.0
2026-04-08 19:55:38,0.41582259301742036,498323456.0,12.0
2026-04-08 19:55:45,0.40466695378581374,499007488.0,12.0
2026-04-08 19:55:53,0.3516306764826287,499007488.0,12.0
2026-04-08 19:56:00,0.32671984268517357,513724416.0,12.0
2026-04-08 19:56:07,0.4748917117212494,575250432.0,12.0
2026-04-08 19:56:15,0.47916036482803254,581230592.0,12.0
2026-04-08 19:56:22,0.44406018295591976,581230592.0,12.0
2026-04-08 19:56:30,0.5441028529602534,538693632.0,12.0
2026-04-08 19:56:37,0.49785868809186423,537784320.0,12.0
2026-04-08 19:56:44,0.4524792444342249,561459200.0,12.0
2026-04-08 19:56:52,0.38727055129596166,561459200.0,12.0
2026-04-08 19:56:59,0.34370531563619067,580493312.0,12.0
2026-04-08 19:57:06,0.4404484786271153,587837440.0,12.0
2026-04-08 19:57:14,0.4473808136330655,547500032.0,12.0
2026-04-08 19:57:21,0.44399650170859084,547500032.0,12.0
2026-04-08 19:57:28,0.42618777659593504,512557056.0,12.0
2026-04-08 19:57:36,0.33847859108639516,515153920.0,12.0
2026-04-08 19:57:43,0.3134620355911447,515153920.0,12.0
2026-04-08 19:57:51,0.18617614826732937,514244608.0,12.0
2026-04-08 19:57:58,0.19726762115036672,510189568.0,12.0
2026-04-08 19:58:06,0.2365296911092618,506003456.0,12.0
2026-04-08 19:58:13,0.2294505155823644,506003456.0,12.0
2026-04-08 19:58:20,0.19484286344217588,504975360.0,12.0
2026-04-08 19:58:28,0.23424359262528463,504393728.0,12.0
2026-04-08 19:58:35,0.23513347734871154,502059008.0,12.0
2026-04-08 19:58:42,0.23611562495881608,502059008.0,12.0
2026-04-08 19:58:50,0.20124739310987594,469897216.0,12.0
2026-04-08 19:58:57,0.24340561400156382,463405056.0,12.0
2026-04-08 19:59:05,0.2473176250770637,461090816.0,12.0
2026-04-08 19:59:12,0.24689915832461526,461090816.0,12.0
2026-04-08 19:59:19,0.24939590789285138,461127680.0,12.0
2026-04-08 19:59:27,0.249317638696798,459448320.0,12.0
2026-04-08 19:59:34,0.24525814669462298,459780096.0,12.0
2026-04-08 19:59:42,0.24578867794259382,459780096.0,12.0
2026-04-08 19:59:49,0.2439817476391654,457981952.0,12.0
2026-04-08 19:59:56,0.23678601493744317,457666560.0,12.0
2026-04-08 20:00:04,0.1875849454610025,457678848.0,12.0
2026-04-08 20:00:11,0.18836273027723974,457678848.0,12.0
2026-04-08 20:00:19,0.22371649498130272,453869568.0,12.0
2026-04-08 20:00:26,0.20252246992419062,452509696.0,12.0
2026-04-08 20:00:33,0.19580071750268363,451145728.0,12.0
2026-04-08 20:00:41,0.1703425311541806,451145728.0,12.0
2026-04-08 20:00:48,0.16672201765796005,451584000.0,12.0
2026-04-08 20:00:56,0.13178784705662466,451465216.0,12.0
2026-04-08 20:01:03,0.10827262696850108,451465216.0,12.0
2026-04-08 20:01:10,0.09217458537868867,452186112.0,12.0
2026-04-08 20:01:18,0.09102709854514032,452182016.0,12.0
2026-04-08 20:01:25,0.067797116258403,452788224.0,12.0
2026-04-08 20:01:33,0.06501637864198809,452788224.0,12.0
2026-04-08 20:01:40,0.05620916192042618,452788224.0,12.0
2026-04-08 20:01:48,0.05612043317969044,452538368.0,12.0
2026-04-08 20:01:55,0.055524120961316176,453140480.0,12.0
2026-04-08 20:02:03,0.047897608411309786,453140480.0,12.0
2026-04-08 20:02:10,0.054974961690570624,453758976.0,12.0
2026-04-08 20:02:17,0.05654419909598612,456208384.0,12.0
2026-04-08 20:02:25,0.05737552278547981,456802304.0,12.0
2026-04-08 20:02:32,0.056322947779876814,456802304.0,12.0
2026-04-08 20:02:40,0.07349781502542928,478945280.0,12.0
2026-04-08 20:02:47,0.08291532535931181,479547392.0,12.0
2026-04-08 20:02:55,0.07582435475624844,480436224.0,12.0
2026-04-08 20:03:02,0.07232833474222028,480436224.0,12.0
2026-04-08 20:03:09,0.08087849699037673,480382976.0,12.0
2026-04-08 20:03:17,0.06400592201015126,481714176.0,12.0
2026-04-08 20:03:24,0.06785198950364102,481726464.0,12.0
2026-04-08 20:03:32,0.055424546580154964,481726464.0,12.0
2026-04-08 20:03:39,0.06702652407769633,473366528.0,12.0
2026-04-08 20:03:47,0.0846751458652082,474959872.0,12.0
2026-04-08 20:03:54,0.06913535239354343,474226688.0,12.0
2026-04-08 20:04:01,0.1340760340721042,474226688.0,12.0
2026-04-08 20:04:09,0.1934638884691329,477380608.0,12.0
2026-04-08 20:04:16,0.28948077244497966,477282304.0,12.0
2026-04-08 20:04:23,0.293288875257489,476991488.0,12.0
2026-04-08 20:04:31,0.3410153774730212,476991488.0,12.0
2026-04-08 20:04:38,0.4132423082214836,480997376.0,12.0
2026-04-08 20:04:45,0.41436395767346806,480755712.0,12.0
2026-04-08 20:04:53,0.38396798629776696,480755712.0,12.0
2026-04-08 20:05:00,0.41707995486278876,483495936.0,12.0
2026-04-08 20:05:07,0.3655730246077775,482811904.0,12.0
2026-04-08 20:05:15,0.41056169651072333,482791424.0,12.0
2026-04-08 20:05:22,0.3742110638104415,482791424.0,12.0
2026-04-08 20:05:29,0.37030257426567387,489041920.0,12.0
2026-04-08 20:05:37,0.4038080121073184,487989248.0,12.0
2026-04-08 20:05:44,0.3420935987440184,484753408.0,12.0
2026-04-08 20:05:51,0.367520544502687,484753408.0,12.0
2026-04-08 20:05:59,0.380417490690329,490954752.0,12.0
2026-04-08 20:06:06,0.48724018871430963,561483776.0,12.0
2026-04-08 20:06:13,0.4242895599484786,561483776.0,12.0
2026-04-08 20:06:21,0.537517134364654,566153216.0,12.0
2026-04-08 20:06:28,0.5318984805547645,526016512.0,12.0
2026-04-08 20:06:35,0.5254682107641366,519847936.0,12.0
2026-04-08 20:06:43,0.4735229118381121,519847936.0,12.0
2026-04-08 20:06:50,0.414979604109765,532365312.0,12.0
2026-04-08 20:06:57,0.311079790175781,552067072.0,12.0
2026-04-08 20:07:05,0.42506313030280923,571121664.0,12.0
2026-04-08 20:07:12,0.45086444980920737,571121664.0,12.0
2026-04-08 20:07:20,0.42014879845183367,533946368.0,12.0
2026-04-08 20:07:27,0.4395294464552115,534585344.0,12.0
2026-04-08 20:07:34,0.38466101204365155,496578560.0,12.0
2026-04-08 20:07:42,0.34440606469156126,496578560.0,12.0
2026-04-08 20:07:49,0.2956987943543785,496951296.0,12.0
2026-04-08 20:07:57,0.23559248118008239,493752320.0,12.0
2026-04-08 20:08:04,0.23252431945070484,494178304.0,12.0
2026-04-08 20:08:11,0.1913414967493459,494178304.0,12.0
2026-04-08 20:08:19,0.23343977768730334,492150784.0,12.0
2026-04-08 20:08:26,0.23677792676009163,483209216.0,12.0
2026-04-08 20:08:34,0.20369209968981666,483868672.0,12.0
2026-04-08 20:08:41,0.18530489311198725,483868672.0,12.0
2026-04-08 20:08:49,0.2384835456026387,485789696.0,12.0
2026-04-08 20:08:56,0.23554317321654786,482357248.0,12.0
2026-04-08 20:09:03,0.19405460415314085,482357248.0,12.0
2026-04-08 20:09:11,0.17693369311871734,483086336.0,12.0
2026-04-08 20:09:18,0.23532411575429862,475996160.0,12.0
2026-04-08 20:09:26,0.24492055215640887,476930048.0,12.0
2026-04-08 20:09:33,0.2426351718241251,476930048.0,12.0
2026-04-08 20:09:41,0.2459090828493687,470827008.0,12.0
2026-04-08 20:09:48,0.1786315958528911,470851584.0,12.0
2026-04-08 20:09:55,0.22800306120467176,474374144.0,12.0
2026-04-08 20:10:03,0.22928253876635474,474374144.0,12.0
2026-04-08 20:10:10,0.22466170831951326,472203264.0,12.0
2026-04-08 20:10:18,0.22168755951209945,472866816.0,12.0
2026-04-08 20:10:25,0.20575580100226326,468516864.0,12.0
2026-04-08 20:10:33,0.1554258583578649,468516864.0,12.0
2026-04-08 20:10:40,0.16702193976244895,466812928.0,12.0
2026-04-08 20:10:48,0.17099702633877853,467644416.0,12.0
2026-04-08 20:10:55,0.13524805368072354,468221952.0,12.0
2026-04-08 20:11:03,0.11421691551767589,468221952.0,12.0
2026-04-08 20:11:10,0.09455511605634227,468172800.0,12.0
2026-04-08 20:11:17,0.09729961252926134,466685952.0,12.0
2026-04-08 20:11:25,0.08094993169443489,445480960.0,12.0
2026-04-08 20:11:32,0.07774850518371242,445480960.0,12.0
2026-04-08 20:11:40,0.05921863389380413,445964288.0,12.0
2026-04-08 20:11:47,0.06593716668068493,446525440.0,12.0
2026-04-08 20:11:55,0.06145611206130339,447094784.0,12.0
2026-04-08 20:12:02,0.0548738558095061,447094784.0,12.0
2026-04-08 20:12:10,0.05563439130502507,447651840.0,12.0
2026-04-08 20:12:18,0.05536526411588757,447406080.0,12.0
2026-04-08 20:12:25,0.05770606236910004,450781184.0,12.0
2026-04-08 20:12:33,0.04892073034778926,450781184.0,12.0
2026-04-08 20:12:40,0.08276348350796159,472952832.0,12.0
2026-04-08 20:12:48,0.08037490445793873,473833472.0,12.0
2026-04-08 20:12:55,0.08153597641190377,473919488.0,12.0
2026-04-08 20:13:02,0.07578211028828341,473919488.0,12.0
2026-04-08 20:13:10,0.07524810093495517,474619904.0,12.0
2026-04-08 20:13:18,0.07592746748625544,475258880.0,12.0
2026-04-08 20:13:25,0.06080033966762819,475258880.0,12.0
2026-04-08 20:13:32,0.049902973062718715,475258880.0,12.0
2026-04-08 20:13:40,0.062956995409912,475901952.0,12.0
2026-04-08 20:13:47,0.13864816161266563,471474176.0,12.0
2026-04-08 20:13:55,0.21852106902905424,473120768.0,12.0
2026-04-08 20:14:02,0.23884540604886842,473120768.0,12.0
2026-04-08 20:14:10,0.24621394674451405,473120768.0,12.0
2026-04-08 20:14:17,0.3857844763749723,471347200.0,12.0
2026-04-08 20:14:25,0.38120073354881734,471412736.0,12.0
2026-04-08 20:14:32,0.335386155678455,471412736.0,12.0
2026-04-08 20:14:40,0.39210501054658425,472985600.0,12.0
2026-04-08 20:14:47,0.38790214679577295,475738112.0,12.0
2026-04-08 20:14:55,0.3840854244432829,475791360.0,12.0
2026-04-08 20:15:02,0.3502801609130605,475791360.0,12.0
2026-04-08 20:15:10,0.3299754062707105,479260672.0,12.0
2026-04-08 20:15:17,0.3765146240143964,478322688.0,12.0
2026-04-08 20:15:25,0.3860293211098056,479453184.0,12.0
2026-04-08 20:15:32,0.37810859193178675,479453184.0,12.0
2026-04-08 20:15:39,0.34764600359276626,479522816.0,12.0
2026-04-08 20:15:47,0.39897217045604433,480034816.0,12.0
2026-04-08 20:15:55,0.3988429338521053,480624640.0,12.0
2026-04-08 20:16:02,0.3172625488106732,480624640.0,12.0
2026-04-08 20:16:10,0.47212303219840995,553529344.0,12.0
2026-04-08 20:16:18,0.5005021012082818,561852416.0,12.0
2026-04-08 20:16:25,0.5520253485954838,561205248.0,12.0
2026-04-08 20:16:33,0.48019995558911843,561205248.0,12.0
2026-04-08 20:16:40,0.4985861522970449,562266112.0,12.0
2026-04-08 20:16:47,0.5640864375473901,561201152.0,12.0
2026-04-08 20:16:55,0.5247702683294777,522825728.0,12.0
2026-04-08 20:17:02,0.47969213188007565,522825728.0,12.0
2026-04-08 20:17:10,0.4776632444612086,543805440.0,12.0
2026-04-08 20:17:17,0.3438456950240353,515731456.0,12.0
2026-04-08 20:17:25,0.364305360734269,535814144.0,12.0
2026-04-08 20:17:32,0.31434092646462786,535814144.0,12.0
2026-04-08 20:17:40,0.4147826111694361,563544064.0,12.0
2026-04-08 20:17:47,0.4481334475733283,522551296.0,12.0
2026-04-08 20:17:55,0.4316751005884439,493068288.0,12.0
2026-04-08 20:18:02,0.3993974781155387,493068288.0,12.0
2026-04-08 20:18:10,0.32277677425238516,493096960.0,12.0
2026-04-08 20:18:18,0.2614637225265831,492277760.0,12.0
2026-04-08 20:18:25,0.18363534070409782,492339200.0,12.0
2026-04-08 20:18:33,0.16242908638822676,492339200.0,12.0
2026-04-08 20:18:40,0.2078152520794552,484225024.0,12.0
2026-04-08 20:18:47,0.23545565121912454,476557312.0,12.0
2026-04-08 20:18:55,0.24096062259201606,477237248.0,12.0
2026-04-08 20:19:02,0.18714550529920654,477237248.0,12.0
2026-04-08 20:19:10,0.24387726608710678,473829376.0,12.0
2026-04-08 20:19:17,0.23933507858333253,473268224.0,12.0
2026-04-08 20:19:25,0.2479372100610689,473067520.0,12.0
2026-04-08 20:19:32,0.208495964937331,473067520.0,12.0
2026-04-08 20:19:40,0.20317821873013744,469127168.0,12.0
2026-04-08 20:19:47,0.24593545727840924,470269952.0,12.0
2026-04-08 20:19:55,0.21560220044811443,471179264.0,12.0
2026-04-08 20:20:02,0.1877959160097232,471179264.0,12.0
2026-04-08 20:20:09,0.2292661159775394,467779584.0,12.0
2026-04-08 20:20:17,0.20681539771994864,467181568.0,12.0
2026-04-08 20:20:24,0.20951820449358066,467214336.0,12.0
2026-04-08 20:20:32,0.15567305741508616,467214336.0,12.0
2026-04-08 20:20:39,0.1473219149462134,464707584.0,12.0
2026-04-08 20:20:46,0.14856312331642996,462393344.0,12.0
2026-04-08 20:20:53,0.1408543605265717,449007616.0,12.0
2026-04-08 20:21:01,0.12967711312629535,449007616.0,12.0
2026-04-08 20:21:08,0.108514030660683,449441792.0,12.0
2026-04-08 20:21:15,0.08265647937605138,450088960.0,12.0
2026-04-08 20:21:23,0.07969458182478438,450088960.0,12.0
2026-04-08 20:21:30,0.060834787180698575,450613248.0,12.0
2026-04-08 20:21:38,0.059853375372659286,451289088.0,12.0
2026-04-08 20:21:46,0.05547432351431048,450809856.0,12.0
2026-04-08 20:21:53,0.047912444730057714,450809856.0,12.0
2026-04-08 20:22:00,0.054630484956806905,451256320.0,12.0
2026-04-08 20:22:08,0.054112860697785155,451751936.0,12.0
2026-04-08 20:22:15,0.05479753946660288,452055040.0,12.0
2026-04-08 20:22:22,0.050680627136450405,452055040.0,12.0
2026-04-08 20:22:30,0.052539429731654964,452825088.0,12.0
2026-04-08 20:22:37,0.055489219754436214,453328896.0,12.0
2026-04-08 20:22:44,0.05485486192379115,455573504.0,12.0
2026-04-08 20:22:52,0.051604745473116415,455573504.0,12.0
2026-04-08 20:22:59,0.07383480526379205,478662656.0,12.0
2026-04-08 20:23:06,0.0807886860542105,478609408.0,12.0
2026-04-08 20:23:14,0.06793308880720572,479408128.0,12.0
2026-04-08 20:23:21,0.07473944253577974,479408128.0,12.0
2026-04-08 20:23:28,0.07513842571243763,479985664.0,12.0
2026-04-08 20:23:36,0.07005123626839872,480866304.0,12.0
2026-04-08 20:23:43,0.04907119969358885,480866304.0,12.0
2026-04-08 20:23:50,0.04355348641002533,480825344.0,12.0
2026-04-08 20:23:58,0.03616430405702932,481312768.0,12.0
2026-04-08 20:24:05,0.035222312208291556,481837056.0,12.0
2026-04-08 20:24:12,0.02465817479465466,481837056.0,12.0
2026-04-08 20:24:20,0.025730950458052966,482201600.0,12.0
2026-04-08 20:24:27,0.026971702158708838,482275328.0,12.0
2026-04-08 20:24:34,0.026603416805801652,482869248.0,12.0
2026-04-08 20:24:42,0.02393433296085112,482869248.0,12.0
2026-04-08 20:24:49,0.035742993922413153,472961024.0,12.0
2026-04-08 20:24:56,0.05187976535311996,473604096.0,12.0
2026-04-08 20:25:04,0.04837896513346696,473358336.0,12.0
2026-04-08 20:25:11,0.07555591732807554,473358336.0,12.0
2026-04-08 20:25:18,0.08422397389702266,473395200.0,12.0
2026-04-08 20:25:26,0.09470087231745075,473485312.0,12.0
2026-04-08 20:25:33,0.08424265976387896,473485312.0,12.0
2026-04-08 20:25:41,0.08217246871416525,474193920.0,12.0
2026-04-08 20:25:48,0.08929894059165741,474583040.0,12.0
2026-04-08 20:25:56,0.08705361125668841,474619904.0,12.0
2026-04-08 20:26:03,0.07763119816527699,474619904.0,12.0
2026-04-08 20:26:11,0.08067465326581809,474804224.0,12.0
2026-04-08 20:26:18,0.08500935191623714,474812416.0,12.0
2026-04-08 20:26:25,0.08902878615093318,474222592.0,12.0
2026-04-08 20:26:33,0.08428414635110529,474222592.0,12.0
2026-04-08 20:26:40,0.07412727403016489,474222592.0,12.0
2026-04-08 20:26:48,0.08937686339566722,474324992.0,12.0
2026-04-08 20:26:55,0.08552920422892998,474357760.0,12.0
2026-04-08 20:27:02,0.07118807910606861,474357760.0,12.0
2026-04-08 20:27:10,0.08424441708227061,474378240.0,12.0
2026-04-08 20:27:17,0.07655013470716979,474415104.0,12.0
2026-04-08 20:27:25,0.08389770206327467,474918912.0,12.0
2026-04-08 20:27:32,0.08040886528283313,474918912.0,12.0
2026-04-08 20:27:40,0.09207666852594087,475197440.0,12.0
2026-04-08 20:27:48,0.09482564215298593,474955776.0,12.0
2026-04-08 20:27:55,0.09170326312506995,475111424.0,12.0
2026-04-08 20:28:02,0.08356148424280366,475111424.0,12.0
2026-04-08 20:28:10,0.07589668480856224,475099136.0,12.0
2026-04-08 20:28:17,0.0842379142166664,475381760.0,12.0
2026-04-08 20:28:25,0.08482633608866776,475385856.0,12.0
2026-04-08 20:28:32,0.08437666621895198,475385856.0,12.0
2026-04-08 20:28:39,0.07541370083042674,475881472.0,12.0
2026-04-08 20:28:47,0.07857050952313584,476057600.0,12.0
2026-04-08 20:28:55,0.07794418768170562,475795456.0,12.0
2026-04-08 20:29:02,0.07326011955938028,475795456.0,12.0
2026-04-08 20:29:10,0.07278895238979215,475869184.0,12.0
2026-04-08 20:29:17,0.07774673115232208,475975680.0,12.0
2026-04-08 20:29:24,0.079439802833658,476360704.0,12.0
2026-04-08 20:29:32,0.07483111817465417,476360704.0,12.0
2026-04-08 20:29:39,0.08135151502058928,476434432.0,12.0
2026-04-08 20:29:47,0.0778357159806061,476450816.0,12.0
2026-04-08 20:29:54,0.06390391567931807,476901376.0,12.0
2026-04-08 20:30:01,0.07145993364166933,476901376.02026-042026-04-08 20:30:09,0.08503335157942302,477057024.0,12.0
2026-04-08 20:30:16,0.0856677377688354,476807168.0,12.0
2026-04-08 20:30:23,0.07581066420020031,477274112.0,12.0
2026-04-08 20:30:31,0.08261405684957196,477274112.0,12.0
2026-04-08 20:30:38,0.08680601563276018,477655040.0,12.0
2026-04-08 20:30:45,0.08563331534936802,477327360.0,12.0
2026-04-08 20:30:53,0.08220216259433528,477327360.0,12.0
2026-04-08 20:31:00,0.06652312723796089,478216192.0,12.0
2026-04-08 20:31:07,0.08759314479048767,478478336.0,12.0
2026-04-08 20:31:15,0.08757147875900372,478294016.0,12.0
2026-04-08 20:31:22,0.07928734365315443,478294016.0,12.0
2026-04-08 20:31:30,0.08312406412163964,478539776.0,12.0
2026-04-08 20:31:37,0.0783411810342396,478318592.0,12.0
2026-04-08 20:31:44,0.07568342274922396,478605312.0,12.0
2026-04-08 20:31:52,0.06963296638267752,478605312.0,12.0
2026-04-08 20:31:59,0.06856553386555016,478621696.0,12.0
2026-04-08 20:32:06,0.06924300682268095,478863360.0,12.0
2026-04-08 20:32:14,0.05887006046362707,478867456.0,12.0
2026-04-08 20:32:21,0.06292288545101071,478867456.0,12.0
2026-04-08 20:32:28,0.07649359366951726,479309824.0,12.0
2026-04-08 20:32:36,0.08196151814918218,479342592.0,12.0
2026-04-08 20:32:43,0.07425986611055568,479342592.0,12.0
2026-04-08 20:32:51,0.08476042817223388,479793152.0,12.0
2026-04-08 20:32:58,0.07403620588768578,479834112.0,12.0
2026-04-08 20:33:06,0.08769467093670459,480006144.0,12.0
2026-04-08 20:33:13,0.08310557546727736,480006144.0,12.0
2026-04-08 20:33:20,0.08149025852258383,480006144.0,12.0
2026-04-08 20:33:28,0.07987034205248941,480518144.0,12.0
2026-04-08 20:33:35,0.07950476952526686,480501760.0,12.0
2026-04-08 20:33:42,0.05815694642958204,480501760.0,12.0
2026-04-08 20:33:50,0.07089669551682995,480456704.0,12.0
2026-04-08 20:33:57,0.06903889733947766,480911360.0,12.0
2026-04-08 20:34:04,0.07528229964688232,481247232.0,12.0
2026-04-08 20:34:12,0.07175624280632645,481247232.0,12.0
2026-04-08 20:34:19,0.07522186563016793,481390592.0,12.0
2026-04-08 20:34:26,0.07650181659034624,481075200.0,12.0
2026-04-08 20:34:34,0.06826380380896659,481513472.0,12.0
2026-04-08 20:34:41,0.07701815534521675,481513472.0,12.0
2026-04-08 20:34:49,0.08318774117133826,481366016.0,12.0
2026-04-08 20:34:56,0.08891377925803576,481603584.0,12.0
2026-04-08 20:35:04,0.07812425973313013,481751040.0,12.0
2026-04-08 20:35:11,0.07034324968719943,481751040.0,12.0
2026-04-08 20:35:18,0.07792289769980769,481738752.0,12.0
2026-04-08 20:35:26,0.08306686010589662,482066432.0,12.0
2026-04-08 20:35:33,0.07129338198872051,482275328.0,12.0
2026-04-08 20:35:41,0.07223351026772426,482275328.0,12.0
2026-04-08 20:35:48,0.08554011962443192,482590720.0,12.0
2026-04-08 20:35:56,0.08368909051175027,482414592.0,12.0
2026-04-08 20:36:03,0.07399112913129004,482414592.0,12.0
2026-04-08 20:36:10,0.0782815796283585,482594816.0,12.0
2026-04-08 20:36:18,0.07347101931336893,482603008.0,12.0
2026-04-08 20:36:25,0.07901737968485714,482877440.0,12.0
2026-04-08 20:36:33,0.06932553067899021,482877440.0,12.0
2026-04-08 20:36:40,0.07123958707255498,482922496.0,12.0
2026-04-08 20:36:48,0.07386246137750398,483213312.0,12.0
2026-04-08 20:36:55,0.09020161454293364,483487744.0,12.0
2026-04-08 20:37:02,0.07867728500204117,483487744.0,12.0
2026-04-08 20:37:10,0.07854441274618652,483508224.0,12.0
2026-04-08 20:37:18,0.07499906804745944,483774464.0,12.0
2026-04-08 20:37:25,0.07684169595736118,483799040.0,12.0
2026-04-08 20:37:33,0.06832777239747462,483799040.0,12.0
2026-04-08 20:37:40,0.07603518802376988,482377728.0,12.0
2026-04-08 20:37:47,0.08032042149160641,482418688.0,12.0
2026-04-08 20:37:55,0.08617974737460268,482627584.0,12.0
2026-04-08 20:38:03,0.08331789779455843,482627584.0,12.0
2026-04-08 20:38:10,0.07605124579920765,482652160.0,12.0
2026-04-08 20:38:18,0.07834559234533665,482582528.0,12.0
2026-04-08 20:38:25,0.07765996068428685,482578432.0,12.0
2026-04-08 20:38:33,0.07571508863159238,482578432.0,12.0
2026-04-08 20:38:40,0.0705839221951111,482582528.0,12.0
2026-04-08 20:38:48,0.07056071508851428,482594816.0,12.0
2026-04-08 20:38:55,0.07704464634017164,482603008.0,12.0
2026-04-08 20:39:03,0.06359350857154719,482603008.0,12.0
2026-04-08 20:39:10,0.08271531394291284,482803712.0,12.0
2026-04-08 20:39:18,0.07790465844574053,482852864.0,12.0
2026-04-08 20:39:25,0.08125457645938858,482856960.0,12.0
2026-04-08 20:39:33,0.07780486240369823,482856960.0,12.0
2026-04-08 20:39:41,0.07714014445224404,482824192.0,12.0
2026-04-08 20:39:48,0.07805286036551755,482762752.0,12.0
2026-04-08 20:39:55,0.07998145438761413,482721792.0,12.0
2026-04-08 20:40:03,0.0683159278249017,482721792.0,12.0
2026-04-08 20:40:10,0.06941264970667131,482861056.0,12.0
2026-04-08 20:40:18,0.07408819920108112,483004416.0,12.0
2026-04-08 20:40:25,0.06948969433440165,483016704.0,12.0
2026-04-08 20:40:33,0.059543052686987626,483016704.0,12.0
2026-04-08 20:40:40,0.07524589562013652,483160064.0,12.0
2026-04-08 20:40:48,0.07715699689709855,483368960.0,12.0
2026-04-08 20:40:55,0.07786774719630325,483368960.0,12.0
2026-04-08 20:41:02,0.06872129209405677,483368960.0,12.0
2026-04-08 20:41:10,0.07852451449217866,483139584.0,12.0
2026-04-08 20:41:17,0.06783308833264205,483155968.0,12.0
2026-04-08 20:41:25,0.07287546590661571,483180544.0,12.0
2026-04-08 20:41:32,0.06448919568245164,483180544.0,12.0
2026-04-08 20:41:40,0.07563088547156287,483250176.0,12.0
2026-04-08 20:41:47,0.07873600961224533,483299328.0,12.0
2026-04-08 20:41:55,0.07864544180133944,483303424.0,12.0
2026-04-08 20:42:02,0.07749177854526501,483303424.0,12.0
2026-04-08 20:42:10,0.07758830498041605,483201024.0,12.0
2026-04-08 20:42:18,0.08445243460224629,483205120.0,12.0
2026-04-08 20:42:25,0.08477331729698141,483221504.0,12.0
2026-04-08 20:42:33,0.07435195244191277,483221504.0,12.0
2026-04-08 20:42:40,0.0865404675921335,483328000.0,12.0
2026-04-08 20:42:48,0.08762784510425495,483540992.0,12.0
2026-04-08 20:42:55,0.0866661985816266,483299328.0,12.0
2026-04-08 20:43:03,0.08330578837779166,483299328.0,12.0
2026-04-08 20:43:10,0.07574684551161769,483303424.0,12.0
2026-04-08 20:43:18,0.083963187394824,483323904.0,12.0
2026-04-08 20:43:25,0.07955006127861566,483295232.0,12.0
2026-04-08 20:43:33,0.06626269942332358,483295232.0,12.0
2026-04-08 20:43:41,0.08511838834696157,483373056.0,12.0
2026-04-08 20:43:49,0.08249685577738966,483291136.0,12.0
2026-04-08 20:43:56,0.09077751061758026,483409920.0,12.0
2026-04-08 20:44:04,0.0816438193998411,483471360.0,12.0
2026-04-08 20:44:11,0.08007710722662699,483471360.0,12.0
2026-04-08 20:44:19,0.08126020547811832,484249600.0,12.0
2026-04-08 20:44:27,0.07626199746837277,484270080.0,12.0
2026-04-08 20:44:34,0.06144613747601891,483745792.0,12.0
2026-04-08 20:44:42,0.07548573388498427,483745792.0,12.0
2026-04-08 20:44:49,0.07203873697539,483762176.0,12.0
2026-04-08 20:44:57,0.08107735986418649,483913728.0,12.0
2026-04-08 20:45:04,0.0756587710145243,483975168.0,12.0
2026-04-08 20:45:11,0.06894044333970398,483975168.0,12.0
2026-04-08 20:45:19,0.08302541414639222,484155392.0,12.0
2026-04-08 20:45:26,0.07704259927866902,484204544.0,12.0
2026-04-08 20:45:34,0.06710178773370501,484270080.0,12.0
2026-04-08 20:45:41,0.07383400731750171,484270080.0,12.0
2026-04-08 20:45:49,0.06911961848616348,484274176.0,12.0
2026-04-08 20:45:56,0.08082279677333293,484397056.0,12.0
2026-04-08 20:46:04,0.07411142001228824,484552704.0,12.0
2026-04-08 20:46:11,0.0684940242920124,484552704.0,12.0
2026-04-08 20:46:19,0.08063715494098739,484409344.0,12.0
2026-04-08 20:46:26,0.07452553201004466,484450304.0,12.0
2026-04-08 20:46:34,0.05916083222839802,484495360.0,12.0
2026-04-08 20:46:41,0.06604497557999797,484495360.0,12.0
2026-04-08 20:46:49,0.08365104948126456,484732928.0,12.0
2026-04-08 20:46:56,0.0884548707972322,485011456.0,12.0
2026-04-08 20:47:04,0.08530031140767927,484753408.0,12.0
2026-04-08 20:47:12,0.0824006147244085,484753408.0,12.0
2026-04-08 20:47:19,0.08237181138068939,484880384.0,12.0
2026-04-08 20:47:26,0.08888122416573804,485003264.0,12.0
2026-04-08 20:47:34,0.07866663779011393,485064704.0,12.0
2026-04-08 20:47:41,0.08114510928555535,485064704.0,12.0
2026-04-08 20:47:49,0.07982461185467016,484978688.0,12.0
2026-04-08 20:47:56,0.09123679191676347,485171200.0,12.0
2026-04-08 20:48:04,0.07231299687709368,485060608.0,12.0
2026-04-08 20:48:11,0.07199017832732381,485060608.0,12.0
2026-04-08 20:48:19,0.0844490686201748,485666816.0,12.0
2026-04-08 20:48:26,0.08574809269841194,483631104.0,12.0
2026-04-08 20:48:34,0.07400338891142953,483749888.0,12.0
2026-04-08 20:48:41,0.07792746809769367,483749888.0,12.0
2026-04-08 20:48:49,0.0754279311956149,484036608.0,12.0
2026-04-08 20:48:56,0.07776671761600035,484102144.0,12.0
2026-04-08 20:49:04,0.07080307982779754,483946496.0,12.0
2026-04-08 20:49:11,0.08078534429024355,483946496.0,12.0
2026-04-08 20:49:19,0.07713251954309891,483536896.0,12.0
2026-04-08 20:49:26,0.07939080998639546,483545088.0,12.0
2026-04-08 20:49:34,0.06524192213006177,483565568.0,12.0
2026-04-08 20:49:41,0.06552695835946945,483565568.0,12.0
2026-04-08 20:49:49,0.07694491725571007,483586048.0,12.0
2026-04-08 20:49:56,0.07195149526684136,483700736.0,12.0
2026-04-08 20:50:04,0.06313414096997211,483721216.0,12.0
2026-04-08 20:50:12,0.08503917316528291,483721216.0,12.0
2026-04-08 20:50:19,0.07845761012044943,483889152.0,12.0
2026-04-08 20:50:27,0.09225858527518792,483782656.0,12.0
2026-04-08 20:50:34,0.0816987908689612,483700736.0,12.0
2026-04-08 20:50:42,0.07923174464796723,483700736.0,12.0
2026-04-08 20:50:49,0.08432290824123424,483713024.0,12.0
2026-04-08 20:50:56,0.09189279109177512,483762176.0,12.0
2026-04-08 20:51:04,0.08633017938808342,483794944.0,12.0
2026-04-08 20:51:11,0.08323122205423839,483794944.0,12.0
2026-04-08 20:51:19,0.07560074893630958,483827712.0,12.0
2026-04-08 20:51:26,0.08032821327351361,483954688.0,12.0
2026-04-08 20:51:34,0.06606721322863424,484057088.0,12.0
2026-04-08 20:51:42,0.07304608497510966,484057088.0,12.0
2026-04-08 20:51:50,0.06846186102928956,483979264.0,12.0
2026-04-08 20:51:57,0.07892804501332067,484114432.0,12.0
2026-04-08 20:52:05,0.08087117998128443,484413440.0,12.0
2026-04-08 20:52:12,0.07141011960216538,484413440.0,12.0
2026-04-08 20:52:20,0.07450443816768372,484392960.0,12.0
2026-04-08 20:52:27,0.07783144921686408,484241408.0,12.0
2026-04-08 20:52:34,0.07567318758113414,484610048.0,12.0
2026-04-08 20:52:42,0.07008145859315891,484610048.0,12.0
2026-04-08 20:52:49,0.07490656567454085,484679680.0,12.0
2026-04-08 20:52:57,0.07483271846207874,484335616.0,12.0
2026-04-08 20:53:05,0.08979706583705294,484368384.0,12.0
2026-04-08 20:53:12,0.08766708455040287,484368384.0,12.0
2026-04-08 20:53:20,0.09032871921913839,484372480.0,12.0
2026-04-08 20:53:28,0.07981939146130114,484384768.0,12.0
2026-04-08 20:53:35,0.07518054332475413,484388864.0,12.0
2026-04-08 20:53:43,0.07290630920210617,484388864.0,12.0
2026-04-08 20:53:51,0.07113532987059093,484610048.0,12.0
2026-04-08 20:53:58,0.06855093000997746,484663296.0,12.0
2026-04-08 20:54:07,0.07379978412047589,484831232.0,12.0
2026-04-08 20:54:14,0.06881732569695885,484728832.0,12.0
2026-04-08 20:54:22,0.0725115696954704,484728832.0,12.0
2026-04-08 20:54:29,0.07060313485947807,484446208.0,12.0
2026-04-08 20:54:37,0.07700695732785828,484499456.0,12.0
2026-04-08 20:54:44,0.06977685771030726,484790272.0,12.0
2026-04-08 20:54:51,0.06178757573015705,484790272.0,12.0
2026-04-08 20:54:59,0.0686986346986477,484896768.0,12.0
2026-04-08 20:55:06,0.07370078817726708,484712448.0,12.0
2026-04-08 20:55:14,0.06767499352202806,484802560.0,12.0
2026-04-08 20:55:21,0.06601386232439946,484802560.0,12.0
2026-04-08 20:55:29,0.066412308859842,485158912.0,12.0
2026-04-08 20:55:36,0.07491890901176715,484945920.0,12.0
2026-04-08 20:55:44,0.0737692357910942,484950016.0,12.0
2026-04-08 20:55:51,0.07078062732726054,484950016.0,12.0
2026-04-08 20:55:59,0.06722070512303649,485019648.0,12.0
2026-04-08 20:56:06,0.07781950953045758,485130240.0,12.0
2026-04-08 20:56:13,0.06179126788970638,485384192.0,12.0
2026-04-08 20:56:21,0.06495098335741686,485384192.0,12.0
2026-04-08 20:56:28,0.07041721089515415,484962304.0,12.0
2026-04-08 20:56:36,0.07517517839373719,485076992.0,12.0
2026-04-08 20:56:43,0.06842352653789488,485076992.0,12.0
2026-04-08 20:56:51,0.06778494729271016,485072896.0,12.0
2026-04-08 20:56:58,0.06713790739145667,485416960.0,12.0
2026-04-08 20:57:06,0.07922497975987595,485326848.0,12.0
2026-04-08 20:57:13,0.07238962002787036,485326848.0,12.0
2026-04-08 20:57:21,0.07229469606667517,485339136.0,12.0
2026-04-08 20:57:28,0.06894240435844055,485371904.0,12.0
2026-04-08 20:57:36,0.07275724197646924,485400576.0,12.0
2026-04-08 20:57:43,0.0604283367425514,485400576.0,12.0
2026-04-08 20:57:51,0.07239844285722737,485810176.0,12.0
2026-04-08 20:57:58,0.07221565495771719,485855232.0,12.0
2026-04-08 20:58:06,0.08022335218595786,485531648.0,12.0
2026-04-08 20:58:13,0.07341788771000593,485531648.0,12.0
2026-04-08 20:58:21,0.07877029135274592,485453824.0,12.0
2026-04-08 20:58:28,0.07659326001847083,485728256.0,12.0
2026-04-08 20:58:36,0.079509395837526,485888000.0,12.0
2026-04-08 20:58:43,0.07700776473417048,485888000.0,12.0
2026-04-08 20:58:51,0.07357081903469757,485945344.0,12.0
2026-04-08 20:58:58,0.07310796575724601,485748736.0,12.0
2026-04-08 20:59:05,0.08159663430276963,485781504.0,12.0
2026-04-08 20:59:13,0.07423168867969684,485781504.0,12.0
2026-04-08 20:59:20,0.07510088455318048,485679104.0,12.0
2026-04-08 20:59:28,0.07729865553652047,485732352.0,12.0
2026-04-08 20:59:35,0.08282850621098982,485842944.0,12.0
2026-04-08 20:59:43,0.07802499826667329,485842944.0,12.0
2026-04-08 20:59:50,0.07984483267137335,485908480.0,12.0
2026-04-08 20:59:57,0.08271009392670334,485965824.0,12.0
2026-04-08 21:00:05,0.07991828791098142,486019072.0,12.0
2026-04-08 21:00:12,0.06611306470860936,486019072.0,12.0
2026-04-08 21:00:20,0.07517015008465758,486158336.0,12.0
2026-04-08 21:00:27,0.0763482094110813,486227968.0,12.0
2026-04-08 21:00:35,0.08214213343948193,486236160.0,12.0
2026-04-08 21:00:43,0.0776574695439026,486236160.0,12.0
2026-04-08 21:00:50,0.06970289394966372,486297600.0,12.0
2026-04-08 21:00:58,0.07158523553565424,486354944.0,12.0
2026-04-08 21:01:05,0.07959879150114603,486432768.0,12.0
2026-04-08 21:01:13,0.06941114608165773,486432768.0,12.0
2026-04-08 21:01:20,0.0734614641895056,486543360.0,12.0
2026-04-08 21:01:27,0.0807123486417006,486567936.0,12.0
2026-04-08 21:01:35,0.08230073447129296,486899712.0,12.0
2026-04-08 21:01:43,0.07639795664709961,486899712.0,12.0
2026-04-08 21:01:50,0.0735874118662039,486961152.0,12.0
2026-04-08 21:01:58,0.07242198878901245,486621184.0,12.0
2026-04-08 21:02:05,0.07245722900237914,486662144.0,12.0
2026-04-08 21:02:13,0.06991797444956897,486662144.0,12.0
2026-04-08 21:02:20,0.0719259039160966,486662144.0,12.0
2026-04-08 21:02:27,0.07867644980712812,486785024.0,12.0
2026-04-08 21:02:35,0.08186552311748649,486891520.0,12.0
2026-04-08 21:02:42,0.07743449728137348,486891520.0,12.0
2026-04-08 21:02:50,0.07070825907129173,486883328.0,12.0
2026-04-08 21:02:57,0.0768613626569341,486948864.0,12.0
2026-04-08 21:03:05,0.07339091715557423,487055360.0,12.0
2026-04-08 21:03:12,0.06864487428434198,487055360.0,12.0
2026-04-08 21:03:20,0.06444244643058636,487067648.0,12.0
2026-04-08 21:03:27,0.06410336266495979,487174144.0,12.0
2026-04-08 21:03:35,0.07232262704174924,487276544.0,12.0
2026-04-08 21:03:42,0.06991034922546156,487276544.0,12.0
2026-04-08 21:03:49,0.0725753636590257,487297024.0,12.0
2026-04-08 21:03:57,0.07603249959427534,487563264.0,12.0
2026-04-08 21:04:04,0.08303891849753194,487497728.0,12.0
2026-04-08 21:04:12,0.08070748404935706,487497728.0,12.0
2026-04-08 21:04:19,0.07496338042813339,487485440.0,12.0
2026-04-08 21:04:27,0.08365378761416126,487514112.0,12.0
2026-04-08 21:04:34,0.0716381920277767,487583744.0,12.0
2026-04-08 21:04:42,0.0704692891083223,487583744.0,12.0
2026-04-08 21:04:49,0.07577004293720768,487645184.0,12.0
2026-04-08 21:04:57,0.07335690103678225,488181760.0,12.0
2026-04-08 21:05:04,0.06576979530905698,485470208.0,12.0
2026-04-08 21:05:12,0.07461700507158955,485470208.0,12.0
2026-04-08 21:05:19,0.07769410216092128,486060032.0,12.0
2026-04-08 21:05:27,0.08304011250267683,485453824.0,12.0
0,12.0
2026-04-08 20:58:58,0.07310796575724601,485748736.0,12.0
2026-04-08 20:59:05,0.08159630763308943,485781504.0,12.0
2026-04-08 20:59:13,0.07423168867969684,485781504.0,12.0
2026-04-08 20:59:20,0.07509463381863103,485679104.0,12.0
2026-04-08 20:59:28,0.07729678085967782,485732352.0,12.0
2026-04-08 20:59:35,0.0828264273750215,485842944.0,12.0
2026-04-08 20:59:43,0.07801647374991445,485842944.0,12.0
2026-04-08 20:59:50,0.07983638965157235,485908480.0,12.0
2026-04-08 20:59:57,0.08271009392670334,485965824.0,12.0
2026-04-08 21:00:05,0.07991828791098142,486019072.0,12.0
2026-04-08 21:00:12,0.06611269110635559,486019072.0,12.0
2026-04-08 21:00:20,0.07517015008465758,486158336.0,12.0
2026-04-08 21:00:27,0.0763482094110813,486227968.0,12.0
2026-04-08 21:00:35,0.08214213343948193,486236160.0,12.0
2026-04-08 21:00:42,0.07772749505108066,486236160.0,12.0
2026-04-08 21:00:50,0.07519264526568809,486297600.0,12.0
2026-04-08 21:00:57,0.07131013820457932,486354944.0,12.0
2026-04-08 21:01:05,0.0795665070974189,486432768.0,12.0
2026-04-08 21:01:12,0.07333275994434998,486432768.0,12.0
2026-04-08 21:01:20,0.07357286181666563,486543360.0,12.0
2026-04-08 21:01:27,0.08078674172151135,486567936.0,12.0
2026-04-08 21:01:35,0.08230073447129296,486899712.0,12.0
2026-04-08 21:01:43,0.07639834951097968,486899712.0,12.0
2026-04-08 21:01:50,0.0735874118662039,486961152.0,12.0
2026-04-08 21:01:58,0.07242222289114998,486621184.0,12.0
2026-04-08 21:02:05,0.07245722900237914,486662144.0,12.0
2026-04-08 21:02:13,0.06991797444956897,486662144.0,12.0
2026-04-08 21:02:20,0.07192491792799247,486662144.0,12.0
2026-04-08 21:02:27,0.07867641067771107,486785024.0,12.0
2026-04-08 21:02:35,0.08186563517564954,486891520.0,12.0
2026-04-08 21:02:42,0.07743449728137348,486891520.0,12.0
2026-04-08 21:02:50,0.07070825907129173,486883328.0,12.0
2026-04-08 21:02:57,0.07686183575578152,486948864.0,12.0
2026-04-08 21:03:05,0.07339091715557423,487055360.0,12.0
2026-04-08 21:03:12,0.06864487428434198,487055360.0,12.0
2026-04-08 21:03:20,0.0644422992676537,487067648.0,12.0
2026-04-08 21:03:27,0.06410324694819042,487174144.0,12.0
2026-04-08 21:03:35,0.07232262704174924,487276544.0,12.0
2026-04-08 21:03:42,0.06991034922546156,487276544.0,12.0
2026-04-08 21:03:49,0.07257516558150486,487297024.0,12.0
2026-04-08 21:03:57,0.07603226569588832,487563264.0,12.0
2026-04-08 21:04:04,0.08303891849753194,487497728.0,12.0
2026-04-08 21:04:12,0.08070748404935706,487497728.0,12.0
2026-04-08 21:04:19,0.07496338042813339,487485440.0,12.0
2026-04-08 21:04:27,0.08365378761416126,487514112.0,12.0
2026-04-08 21:04:34,0.0716361887862211,487583744.0,12.0
2026-04-08 21:04:42,0.0704692891083223,487583744.0,12.0
2026-04-08 21:04:49,0.07577004293720768,487645184.0,12.0
2026-04-08 21:04:57,0.07335690103678225,488181760.0,12.0
2026-04-08 21:05:04,0.06576944714000335,485470208.0,12.0
2026-04-08 21:05:12,0.07461700507158955,485470208.0,12.0
2026-04-08 21:05:19,0.07769410216092128,486060032.0,12.0
2026-04-08 21:05:27,0.0830404213271566,485453824.0,12.0
2026-04-08 21:05:34,0.08035905211886672,485441536.0,12.0
2026-04-08 21:05:42,0.07489781598650648,485441536.0,12.0
2026-04-08 21:05:49,0.08037644923840545,485392384.0,12.0
2026-04-08 21:05:57,0.07999857370616824,485437440.0,12.0
2026-04-08 21:06:04,0.06938853351207694,485404672.0,12.0
2026-04-08 21:06:12,0.07953675321604409,485404672.0,12.0
2026-04-08 21:06:19,0.07745442194086766,485466112.0,12.0
2026-04-08 21:06:27,0.08219972696229627,485748736.0,12.0
2026-04-08 21:06:34,0.06892523206282924,485449728.0,12.0
2026-04-08 21:06:42,0.07930887051811421,485449728.0,12.0
2026-04-08 21:06:49,0.06408911550838821,485449728.0,12.0
2026-04-08 21:06:57,0.07204302061322577,485494784.0,12.0
2026-04-08 21:07:04,0.05783940054588837,485523456.0,12.0
2026-04-08 21:07:12,0.0638070807053649,485523456.0,12.0
2026-04-08 21:07:19,0.07218441807104216,485511168.0,12.0
2026-04-08 21:07:27,0.0739761448032881,485617664.0,12.0
2026-04-08 21:07:34,0.06702040172934218,485617664.0,12.0
2026-04-08 21:07:42,0.07305829309770517,485617664.0,12.0
2026-04-08 21:07:49,0.07676722687099803,485597184.0,12.0
2026-04-08 21:07:57,0.0721778823613231,485601280.0,12.0
2026-04-08 21:08:04,0.06205529314417802,485609472.0,12.0
2026-04-08 21:08:12,0.07073484092046033,485609472.0,12.0
2026-04-08 21:08:19,0.08683259054150406,484966400.0,12.0
2026-04-08 21:08:26,0.08706006163840374,484970496.0,12.0
2026-04-08 21:08:34,0.07334263981256753,485134336.0,12.0
2026-04-08 21:08:41,0.07751062744999807,485134336.0,12.0
2026-04-08 21:08:49,0.0781414482528829,485064704.0,12.0
2026-04-08 21:08:56,0.07583590118163056,484982784.0,12.0
2026-04-08 21:09:04,0.06175221099348856,485019648.0,12.0
2026-04-08 21:09:11,0.06746889532300411,485019648.0,12.0
2026-04-08 21:09:19,0.07437553850176833,484790272.0,12.0
2026-04-08 21:09:26,0.07854555682808101,484712448.0,12.0
2026-04-08 21:09:34,0.06937849073400318,484814848.0,12.0
2026-04-08 21:09:42,0.07326866509814163,484814848.0,12.0
2026-04-08 21:09:49,0.06918772031253435,484818944.0,12.0
2026-04-08 21:09:57,0.07527235436668478,484921344.0,12.0
2026-04-08 21:10:04,0.06857884793967406,484954112.0,12.0
2026-04-08 21:10:12,0.07263284222412829,484954112.0,12.0
2026-04-08 21:10:19,0.06666413745075014,484958208.0,12.0
2026-04-08 21:10:27,0.07461896500730818,485044224.0,12.0
2026-04-08 21:10:34,0.06318167164757803,484974592.0,12.0
2026-04-08 21:10:42,0.06975374980754634,484974592.0,12.0
2026-04-08 21:10:49,0.07180918700443797,484929536.0,12.0
2026-04-08 21:10:57,0.07162777983723252,484941824.0,12.0
2026-04-08 21:11:04,0.06116733860643766,485007360.0,12.0
2026-04-08 21:11:12,0.062446626253334844,485007360.0,12.0
2026-04-08 21:11:19,0.07299911424343558,485302272.0,12.0
2026-04-08 21:11:27,0.07710513541879382,485380096.0,12.0
2026-04-08 21:11:34,0.07111417212799882,485150720.0,12.0
2026-04-08 21:11:42,0.07717299907910517,485150720.0,12.0
2026-04-08 21:11:49,0.06950528203099951,485195776.0,12.0
2026-04-08 21:11:57,0.062065210266151874,485294080.0,12.0
2026-04-08 21:12:04,0.053458293066552774,485216256.0,12.0
2026-04-08 21:12:12,0.07258242195776263,485216256.0,12.0
2026-04-08 21:12:19,0.08029351761534835,485629952.0,12.0
2026-04-08 21:12:27,0.08102114564553693,485638144.0,12.0
2026-04-08 21:12:34,0.07276805427733929,485572608.0,12.0
2026-04-08 21:12:42,0.07347225580729262,485572608.0,12.0
2026-04-08 21:12:49,0.07028750362798898,485638144.0,12.0
2026-04-08 21:12:57,0.07101286398551004,486625280.0,12.0
2026-04-08 21:13:05,0.06472206384338137,486723584.0,12.0
2026-04-08 21:13:12,0.07145852977012397,486723584.0,12.0
2026-04-08 21:13:20,0.07677198864620455,486375424.0,12.0
2026-04-08 21:13:27,0.06911013906125228,485982208.0,12.0
2026-04-08 21:13:35,0.073358229823195,485941248.0,12.0
2026-04-08 21:13:42,0.06733267609090149,485941248.0,12.0
2026-04-08 21:13:49,0.06526161045245225,486027264.0,12.0
2026-04-08 21:13:57,0.07222691834451933,485761024.0,12.0
2026-04-08 21:14:04,0.07567850518290835,485748736.0,12.0
2026-04-08 21:14:12,0.07446747274517132,485748736.0,12.0
2026-04-08 21:14:20,0.07376275703674293,485822464.0,12.0
2026-04-08 21:14:28,0.07909039246144006,485806080.0,12.0
2026-04-08 21:14:35,0.07551853501066144,485941248.0,12.0
2026-04-08 21:14:43,0.06518668268846833,485941248.0,12.0
2026-04-08 21:14:50,0.07256509972188892,486072320.0,12.0
2026-04-08 21:14:57,0.06430731858771635,486137856.0,12.0
2026-04-08 21:15:05,0.07604371747239472,486207488.0,12.0
2026-04-08 21:15:12,0.07402996671852388,486207488.0,12.0
2026-04-08 21:15:20,0.07635375416446974,486334464.0,12.0
2026-04-08 21:15:27,0.08167329981629506,486621184.0,12.0
2026-04-08 21:15:35,0.08163376357346835,486817792.0,12.0
2026-04-08 21:15:42,0.0721111114498428,486817792.0,12.0
2026-04-08 21:15:50,0.07188244291182976,486719488.0,12.0
2026-04-08 21:15:57,0.06786242040620434,486506496.0,12.0
2026-04-08 21:16:05,0.07334371977307785,486494208.0,12.0
2026-04-08 21:16:12,0.07193870528011315,486494208.0,12.0
2026-04-08 21:16:20,0.06920193842046933,486637568.0,12.0
2026-04-08 21:16:27,0.06874557143863029,486658048.0,12.0
2026-04-08 21:16:34,0.07146374967989773,486682624.0,12.0
