timestamp,cpu_usage,memory_usage,replicas
2026-04-05 16:10:18,0.0600373897280487,387297280.0,12.0
2026-04-05 16:10:26,0.06238113130465533,387477504.0,12.0
2026-04-05 16:10:33,0.08178824231635452,390627328.0,12.0
2026-04-05 16:10:40,0.12251478225907902,394178560.0,12.0
2026-04-05 16:10:48,0.15508136740001796,394211328.0,12.0
2026-04-05 16:10:55,0.33477851057330354,403656704.0,12.0
2026-04-05 16:11:02,0.3882630846618011,404586496.0,12.0
2026-04-05 16:11:10,0.48002888972785823,404443136.0,12.0
2026-04-05 16:11:17,0.5358843027585224,407748608.0,12.0
2026-04-05 16:11:25,0.5709507335220615,404611072.0,12.0
2026-04-05 16:11:32,0.6031778864195528,405835776.0,12.0
2026-04-05 16:11:39,0.6126694253568441,407248896.0,12.0
2026-04-05 16:11:47,0.5642100669464545,407375872.0,12.0
2026-04-05 16:11:54,0.5537813967721089,408514560.0,12.0
2026-04-05 16:12:01,0.6249687909144653,408760320.0,12.0
2026-04-05 16:12:09,0.6145669186738353,408932352.0,12.0
2026-04-05 16:12:16,0.5932698755501359,415498240.0,12.0
2026-04-05 16:12:23,0.6211549755267133,411332608.0,12.0
2026-04-05 16:12:31,0.5326551877684954,409878528.0,12.0
2026-04-05 16:12:38,0.5575437989184104,410025984.0,12.0
2026-04-05 16:12:45,0.6144510392951222,413605888.0,12.0
2026-04-05 16:12:53,0.5888419665350195,411414528.0,12.0
2026-04-05 16:13:00,0.6072325824694991,413581312.0,12.0
2026-04-05 16:13:08,0.6117844697654707,413818880.0,12.0
2026-04-05 16:13:15,0.5350513503955848,414212096.0,12.0
2026-04-05 16:13:23,0.629021398765017,412979200.0,12.0
2026-04-05 16:13:30,0.5361877396660271,414048256.0,12.0
2026-04-05 16:13:38,0.5940513310732579,414216192.0,12.0
2026-04-05 16:13:45,0.6232274185978938,416186368.0,12.0
2026-04-05 16:13:53,0.589991835897071,416526336.0,12.0
2026-04-05 16:14:00,0.5163850517485372,418344960.0,12.0
2026-04-05 16:14:08,0.5956235994501354,418344960.0,12.0
2026-04-05 16:14:15,0.6117741511469851,416727040.0,12.0
2026-04-05 16:14:22,0.5961979008057643,415580160.0,12.0
2026-04-05 16:14:30,0.5464367350355405,417239040.0,12.0
2026-04-05 16:14:37,0.5963978347370172,417071104.0,12.0
2026-04-05 16:14:45,0.5714713845920361,416747520.0,12.0
2026-04-05 16:14:52,0.6326502249234764,416763904.0,12.0
2026-04-05 16:15:00,0.5563042312330592,418193408.0,12.0
2026-04-05 16:15:07,0.5698932834661118,418426880.0,12.0
2026-04-05 16:15:15,0.6154447783000574,419151872.0,12.0
2026-04-05 16:15:22,0.5679540945091307,418312192.0,12.0
2026-04-05 16:15:29,0.5752570525958639,419729408.0,12.0
2026-04-05 16:15:37,0.5689248504270246,419692544.0,12.0
2026-04-05 16:15:44,0.6105157274045103,419692544.0,12.0
2026-04-05 16:15:52,0.5337541408923933,420777984.0,12.0
2026-04-05 16:15:59,0.5886415135198567,421597184.0,12.0
2026-04-05 16:16:07,0.6101560503694786,422764544.0,12.0
2026-04-05 16:16:14,0.5940820103662874,422866944.0,12.0
2026-04-05 16:16:21,0.571668028717145,426582016.0,12.0
2026-04-05 16:16:29,0.594752060498643,426459136.0,12.0
2026-04-05 16:16:36,0.5789795069715331,427110400.0,12.0
2026-04-05 16:16:43,0.5830284714827272,424345600.0,12.0
2026-04-05 16:16:51,0.5683485037008182,424407040.0,12.0
2026-04-05 16:16:58,0.5726618200438164,424681472.0,12.0
2026-04-05 16:17:05,0.6054604080242975,424165376.0,12.0
2026-04-05 16:17:13,0.6165449614479938,425885696.0,12.0
2026-04-05 16:17:20,0.540518854474657,423628800.0,12.0
2026-04-05 16:17:27,0.6186675513210839,423346176.0,12.0
2026-04-05 16:17:35,0.5859762855732242,423460864.0,12.0
2026-04-05 16:17:42,0.5475881132192223,424914944.0,12.0
2026-04-05 16:17:49,0.5672793986017097,425418752.0,12.0
2026-04-05 16:17:57,0.5772096445903688,425062400.0,12.0
2026-04-05 16:18:04,0.49446807750603494,426029056.0,12.0
2026-04-05 16:18:11,0.6186079853837484,426344448.0,12.0
2026-04-05 16:18:19,0.5020515746432479,426377216.0,12.0
2026-04-05 16:18:26,0.6114246501776353,425476096.0,12.0
2026-04-05 16:18:33,0.6250712339045686,425259008.0,12.0
2026-04-05 16:18:41,0.6258664182233495,424845312.0,12.0
2026-04-05 16:18:48,0.6032433934845052,424722432.0,12.0
2026-04-05 16:18:55,0.6179533882626601,424583168.0,12.0
2026-04-05 16:19:03,0.5379592718367785,425185280.0,12.0
2026-04-05 16:19:10,0.5367528577490361,425324544.0,12.0
2026-04-05 16:19:17,0.6141926686341953,425717760.0,12.0
2026-04-05 16:19:25,0.5477239230405196,425504768.0,12.0
2026-04-05 16:19:32,0.5930772649942189,424128512.0,12.0
2026-04-05 16:19:39,0.5866105785869605,424263680.0,12.0
2026-04-05 16:19:46,0.5746144420151986,423858176.0,12.0
2026-04-05 16:19:54,0.595189053302466,423845888.0,12.0
2026-04-05 16:20:01,0.5571147213884294,426156032.0,12.0
2026-04-05 16:20:08,0.574522423356773,426270720.0,12.0
2026-04-05 16:20:16,0.5889114608624467,425951232.0,12.0
2026-04-05 16:20:23,0.5648851147359766,426795008.0,12.0
2026-04-05 16:20:30,0.5580810378540897,427110400.0,12.0
2026-04-05 16:20:38,0.5581115723206017,427163648.0,12.0
2026-04-05 16:20:45,0.5681990151423048,425705472.0,12.0
2026-04-05 16:20:53,0.5851161553625577,426053632.0,12.0
2026-04-05 16:21:00,0.5424986916267639,425955328.0,12.0
2026-04-05 16:21:08,0.5300061239593603,426225664.0,12.0
2026-04-05 16:21:15,0.5880110533216987,425283584.0,12.0
2026-04-05 16:21:22,0.6101227241238785,425336832.0,12.0
2026-04-05 16:21:30,0.5968626026994265,424775680.0,12.0
2026-04-05 16:21:37,0.5749861339972177,425046016.0,12.0
2026-04-05 16:21:45,0.618119374693566,423600128.0,12.0
2026-04-05 16:21:52,0.5703697174351245,422998016.0,12.0
2026-04-05 16:22:00,0.6339933481491311,422834176.0,12.0
2026-04-05 16:22:07,0.5642522678194617,422850560.0,12.0
2026-04-05 16:22:15,0.5684968130621839,422825984.0,12.0
2026-04-05 16:22:22,0.6300054669657825,422121472.0,12.0
2026-04-05 16:22:29,0.5655808859245308,422486016.0,12.0
2026-04-05 16:22:37,0.568697836617238,422518784.0,12.0
2026-04-05 16:22:44,0.6005221345104543,424603648.0,12.0
2026-04-05 16:22:52,0.5875090956277459,424792064.0,12.0
2026-04-05 16:22:59,0.5159953227617505,424861696.0,12.0
2026-04-05 16:23:06,0.5722903788024177,423550976.0,12.0
2026-04-05 16:23:14,0.5371955109770419,422543360.0,12.0
2026-04-05 16:23:21,0.5997074612112929,421568512.0,12.0
2026-04-05 16:23:28,0.5810959418443731,421568512.0,12.0
2026-04-05 16:23:36,0.58101513914601,422166528.0,12.0
2026-04-05 16:23:43,0.5638778451426216,422309888.0,12.0
2026-04-05 16:23:51,0.6046374875543791,421842944.0,12.0
2026-04-05 16:23:58,0.55997594274235,421994496.0,12.0
2026-04-05 16:24:05,0.584871462452663,420532224.0,12.0
2026-04-05 16:24:13,0.5547732171426059,420548608.0,12.0
2026-04-05 16:24:20,0.5131498301715018,420274176.0,12.0
2026-04-05 16:24:27,0.5567360838596553,420040704.0,12.0
2026-04-05 16:24:35,0.5409778101140181,422215680.0,12.0
2026-04-05 16:24:42,0.6062188289251867,421257216.0,12.0
2026-04-05 16:24:49,0.5796893445064387,420782080.0,12.0
2026-04-05 16:24:56,0.5492709740245624,420847616.0,12.0
2026-04-05 16:25:04,0.5763334389131839,421142528.0,12.0
2026-04-05 16:25:11,0.5467143798579793,421642240.0,12.0
2026-04-05 16:25:18,0.5797358326539691,421888000.0,12.0
2026-04-05 16:25:26,0.6055992080020806,422412288.0,12.0
2026-04-05 16:25:33,0.5782503557900562,422346752.0,12.0
2026-04-05 16:25:40,0.47676875682958,421470208.0,12.0
2026-04-05 16:25:47,0.6040115910533497,421212160.0,12.0
2026-04-05 16:25:55,0.5594405680246161,421429248.0,12.0
2026-04-05 16:26:02,0.5796406299092798,418492416.0,12.0
2026-04-05 16:26:09,0.5270478523828602,418295808.0,12.0
2026-04-05 16:26:17,0.5249520618013805,418357248.0,12.0
2026-04-05 16:26:24,0.5470098426542478,419426304.0,12.0
2026-04-05 16:26:32,0.5097413105600768,418308096.0,12.0
2026-04-05 16:26:39,0.5519166137413796,418398208.0,12.0
2026-04-05 16:26:46,0.4937718901528091,418586624.0,12.0
2026-04-05 16:26:54,0.48987762124584067,419508224.0,12.0
2026-04-05 16:27:01,0.4985279424095971,419508224.0,12.0
2026-04-05 16:27:09,0.468205733152817,419536896.0,12.0
2026-04-05 16:27:16,0.5240009582182418,419262464.0,12.0
2026-04-05 16:27:23,0.502009876879674,419246080.0,12.0
2026-04-05 16:27:31,0.5224451658605402,420478976.0,12.0
2026-04-05 16:27:38,0.4999050254132281,419590144.0,12.0
2026-04-05 16:27:46,0.5519775340186056,419119104.0,12.0
2026-04-05 16:27:53,0.4983650832288843,419258368.0,12.0
2026-04-05 16:28:01,0.49885527699794335,418856960.0,12.0
2026-04-05 16:28:08,0.508366161725484,419921920.0,12.0
2026-04-05 16:28:16,0.4639998695146524,418779136.0,12.0
2026-04-05 16:28:23,0.5219128847165933,417169408.0,12.0
2026-04-05 16:28:30,0.5245403357442826,417378304.0,12.0
2026-04-05 16:28:38,0.49799798693520736,417378304.0,12.0
2026-04-05 16:28:45,0.4770568754262838,416960512.0,12.0
2026-04-05 16:28:53,0.44960506307308745,417087488.0,12.0
2026-04-05 16:29:00,0.40897161814702043,417726464.0,12.0
2026-04-05 16:29:07,0.4191832238229139,417742848.0,12.0
2026-04-05 16:29:15,0.4669675697100774,418684928.0,12.0
2026-04-05 16:29:22,0.4369911930787352,418025472.0,12.0
2026-04-05 16:29:29,0.42091141518204706,416415744.0,12.0
2026-04-05 16:29:37,0.4291154536147659,416923648.0,12.0
2026-04-05 16:29:44,0.39597229984894816,416616448.0,12.0
2026-04-05 16:29:52,0.4039068637830667,416194560.0,12.0
2026-04-05 16:29:59,0.43624773932314026,417271808.0,12.0
2026-04-05 16:30:07,0.41514398922998696,415948800.0,12.0
2026-04-05 16:30:14,0.4113399646391981,416256000.0,12.0
2026-04-05 16:30:22,0.3858878792011648,415830016.0,12.0
2026-04-05 16:30:29,0.38740368163747974,416182272.0,12.0
2026-04-05 16:30:36,0.3765541910861555,416002048.0,12.0
2026-04-05 16:30:44,0.36623646680270416,415977472.0,12.0
2026-04-05 16:30:51,0.3773420913013696,416915456.0,12.0
2026-04-05 16:30:58,0.36909427758663815,417792000.0,12.0
2026-04-05 16:31:06,0.33652537428404194,417824768.0,12.0
2026-04-05 16:31:13,0.3271337881694274,417787904.0,12.0
2026-04-05 16:31:20,0.341626679748788,418672640.0,12.0
2026-04-05 16:31:28,0.30594873873682127,418672640.0,12.0
2026-04-05 16:31:35,0.33259350754194084,415862784.0,12.0
2026-04-05 16:31:42,0.3215455021658333,415891456.0,12.0
2026-04-05 16:31:50,0.30639627407767445,415854592.0,12.0
2026-04-05 16:31:57,0.294714255227675,416493568.0,12.0
2026-04-05 16:32:05,0.31625550542588243,416530432.0,12.0
2026-04-05 16:32:12,0.2771727084822933,416415744.0,12.0
2026-04-05 16:32:19,0.31188923440284183,416854016.0,12.0
2026-04-05 16:32:27,0.30884188102147403,417419264.0,12.0
2026-04-05 16:32:34,0.29450865292111134,418013184.0,12.0
2026-04-05 16:32:42,0.2999185868011718,418091008.0,12.0
2026-04-05 16:32:49,0.29130994021870615,418521088.0,12.0
2026-04-05 16:32:56,0.2582646709831836,418603008.0,12.0
2026-04-05 16:33:04,0.2634578677713299,418664448.0,12.0
2026-04-05 16:33:11,0.29143407083963385,415703040.0,12.0
2026-04-05 16:33:18,0.2742466136892454,415707136.0,12.0
2026-04-05 16:33:26,0.27203843482951456,415748096.0,12.0
2026-04-05 16:33:33,0.28263791875540784,415686656.0,12.0
2026-04-05 16:33:40,0.28739012539982733,416264192.0,12.0
2026-04-05 16:33:47,0.28945001188927616,416825344.0,12.0
2026-04-05 16:33:55,0.27549654858851164,416604160.0,12.0
2026-04-05 16:34:02,0.28679166799877914,414593024.0,12.0
2026-04-05 16:34:09,0.28281949299947085,415735808.0,12.0
2026-04-05 16:34:17,0.30253790796023244,415678464.0,12.0
2026-04-05 16:34:24,0.2821282288331283,415715328.0,12.0
2026-04-05 16:34:31,0.30382568973128227,416174080.0,12.0
2026-04-05 16:34:38,0.3010901212487596,416444416.0,12.0
2026-04-05 16:34:46,0.330586470624775,413474816.0,12.0
2026-04-05 16:34:53,0.3137596795560571,413503488.0,12.0
2026-04-05 16:35:01,0.30475565110901764,413929472.0,12.0
2026-04-05 16:35:08,0.2987312847170276,414408704.0,12.0
2026-04-05 16:35:15,0.3442352886303438,415195136.0,12.0
2026-04-05 16:35:23,0.3456991102670714,415264768.0,12.0
2026-04-05 16:35:30,0.32131075703763945,415444992.0,12.0
2026-04-05 16:35:37,0.26287554927661566,416260096.0,12.0
2026-04-05 16:35:45,0.35451371896805056,413949952.0,12.0
2026-04-05 16:35:52,0.3238443796409036,413986816.0,12.0
2026-04-05 16:36:00,0.3059694462247841,414654464.0,12.0
2026-04-05 16:36:07,0.37676860372633564,415252480.0,12.0
2026-04-05 16:36:14,0.3496598034115205,416706560.0,12.0
2026-04-05 16:36:22,0.38329129930775163,417079296.0,12.0
2026-04-05 16:36:29,0.3690868200305819,415481856.0,12.0
2026-04-05 16:36:37,0.3404183137532019,415248384.0,12.0
2026-04-05 16:36:44,0.3688510282512249,415682560.0,12.0
2026-04-05 16:36:51,0.3756971019411601,415920128.0,12.0
2026-04-05 16:36:59,0.36956385809250836,417316864.0,12.0
2026-04-05 16:37:06,0.43719258903650743,416509952.0,12.0
2026-04-05 16:37:14,0.42349954924418043,416874496.0,12.0
2026-04-05 16:37:21,0.45841407804568407,415723520.0,12.0
2026-04-05 16:37:28,0.4179170545243305,416477184.0,12.0
2026-04-05 16:37:35,0.4712594308168015,416133120.0,12.0
2026-04-05 16:37:43,0.4712012840512429,416382976.0,12.0
2026-04-05 16:37:50,0.4065262129555118,417984512.0,12.0
2026-04-05 16:37:58,0.48553953084398277,418267136.0,12.0
2026-04-05 16:38:05,0.4966407881261827,417845248.0,12.0
2026-04-05 16:38:12,0.48454507266025687,417345536.0,12.0
2026-04-05 16:38:20,0.45800145747273735,417357824.0,12.0
2026-04-05 16:38:27,0.4157833805622314,417390592.0,12.0
2026-04-05 16:38:35,0.5212613895523323,418316288.0,12.0
2026-04-05 16:38:42,0.4867126725049398,418676736.0,12.0
2026-04-05 16:38:50,0.5158244474923465,417931264.0,12.0
2026-04-05 16:38:57,0.548198818967316,417996800.0,12.0
2026-04-05 16:39:05,0.5369677334914487,417738752.0,12.0
2026-04-05 16:39:12,0.5356355405870634,421122048.0,12.0
2026-04-05 16:39:20,0.5315461327285597,420016128.0,12.0
2026-04-05 16:39:27,0.5168462535827073,420040704.0,12.0
2026-04-05 16:39:35,0.5627155920863157,420200448.0,12.0
2026-04-05 16:39:42,0.5323404825692605,420179968.0,12.0
2026-04-05 16:39:50,0.455988939240671,421797888.0,12.0
2026-04-05 16:39:58,0.5529415955268132,421801984.0,12.0
2026-04-05 16:40:05,0.5654079902628388,422060032.0,12.0
2026-04-05 16:40:13,0.565925627540664,419938304.0,12.0
2026-04-05 16:40:21,0.5666242032568591,419598336.0,12.0
2026-04-05 16:40:28,0.5138115690922135,419606528.0,12.0
2026-04-05 16:40:35,0.5609379628213775,420962304.0,12.0
2026-04-05 16:40:42,0.5427394612914066,421863424.0,12.0
2026-04-05 16:40:50,0.5662659629146891,422629376.0,12.0
2026-04-05 16:40:57,0.5563985791943705,422637568.0,12.0
2026-04-05 16:41:04,0.5483536620386449,424189952.0,12.0
2026-04-05 16:41:12,0.5361265927912526,424189952.0,12.0
2026-04-05 16:41:19,0.5006427653267697,424009728.0,12.0
2026-04-05 16:41:26,0.5698665056844838,422797312.0,12.0
2026-04-05 16:41:34,0.5309736206813024,422653952.0,12.0
2026-04-05 16:41:41,0.5996485572859641,424087552.0,12.0
2026-04-05 16:41:48,0.5566983129850471,424103936.0,12.0
2026-04-05 16:41:55,0.5989889236591014,424660992.0,12.0
2026-04-05 16:42:03,0.5927675038798984,424660992.0,12.0
2026-04-05 16:42:10,0.4942689183913577,424574976.0,12.0
2026-04-05 16:42:17,0.6048843202751062,424427520.0,12.0
2026-04-05 16:42:25,0.5545717432795149,424448000.0,12.0
2026-04-05 16:42:32,0.5923955811687943,425111552.0,12.0
2026-04-05 16:42:39,0.5777860652922195,424882176.0,12.0
2026-04-05 16:42:47,0.5288345176362378,424738816.0,12.0
2026-04-05 16:42:54,0.5772212035144937,424644608.0,12.0
2026-04-05 16:43:02,0.6419909202543899,424013824.0,12.0
2026-04-05 16:43:09,0.5803963052107602,423976960.0,12.0
2026-04-05 16:43:16,0.6216452366584976,424235008.0,12.0
2026-04-05 16:43:24,0.6357975550248108,426844160.0,12.0
2026-04-05 16:43:31,0.6254739169273802,426967040.0,12.0
2026-04-05 16:43:38,0.5376645588534029,427012096.0,12.0
2026-04-05 16:43:46,0.6061014046477688,425906176.0,12.0
2026-04-05 16:43:53,0.6263866033086817,424755200.0,12.0
2026-04-05 16:44:01,0.6404938062123013,426979328.0,12.0
2026-04-05 16:44:08,0.6022491237414294,427180032.0,12.0
2026-04-05 16:44:16,0.5595182483933793,426770432.0,12.0
2026-04-05 16:44:23,0.5601471381221952,428298240.0,12.0
2026-04-05 16:44:30,0.5444153453203008,428253184.0,12.0
2026-04-05 16:44:38,0.551903338221269,428474368.0,12.0
2026-04-05 16:44:45,0.628677514904746,428605440.0,12.0
2026-04-05 16:44:53,0.5841846946693335,428650496.0,12.0
2026-04-05 16:45:00,0.6149671506635455,428978176.0,12.0
2026-04-05 16:45:07,0.5356495221745589,428703744.0,12.0
2026-04-05 16:45:15,0.6355497476939755,429199360.0,12.0
2026-04-05 16:45:22,0.6296013098207454,429219840.0,12.0
2026-04-05 16:45:29,0.5935802020669966,428941312.0,12.0
2026-04-05 16:45:37,0.5318561781907964,428748800.0,12026-2026-04-05 16:45:44,0.5932048355727938,428576768.0,12.0
2026-04-05 16:45:51,0.5844796258380103,429940736.0,12.0
2026-04-05 16:45:59,0.5649319024922946,429703168.0,12.0
2026-04-05 16:46:06,0.6141455820435184,428556288.0,12.0
2026-04-05 16:46:13,0.556227583849381,431337472.0,12.0
2026-04-05 16:46:21,0.611258951064982,431370240.0,12.0
2026-04-05 16:46:28,0.5146319598922019,431501312.0,12.0
2026-04-05 16:46:35,0.6177829127576463,429236224.0,12.0
2026-04-05 16:46:42,0.5690778497784243,429228032.0,12.0
2026-04-05 16:46:50,0.5421669757354564,431763456.0,12.0
2026-04-05 16:46:57,0.5836258801760207,431800320.0,12.0
2026-04-05 16:47:04,0.514798107885147,431710208.0,12.0
2026-04-05 16:47:12,0.6049695520466982,432467968.0,12.0
2026-04-05 16:47:19,0.6114121727916922,432271360.0,12.0
2026-04-05 16:47:26,0.613863860751692,432308224.0,12.0
2026-04-05 16:47:33,0.6332354420876979,430657536.0,12.0
2026-04-05 16:47:41,0.5841987036879663,430292992.0,12.0
2026-04-05 16:47:48,0.5616686402154918,430235648.0,12.0
2026-04-05 16:47:55,0.6139264112859135,431079424.0,12.0
2026-04-05 16:48:03,0.5718533969216314,430862336.0,12.0
2026-04-05 16:48:10,0.5778650428351667,430637056.0,12.0
2026-04-05 16:48:17,0.561646079532254,430874624.0,12.0
2026-04-05 16:48:25,0.5535701361038262,431308800.0,12.0
2026-04-05 16:48:32,0.6071474928512172,430813184.0,12.0
2026-04-05 16:48:40,0.5677202779069295,430718976.0,12.0
2026-04-05 16:48:47,0.5282443977390832,430657536.0,12.0
2026-04-05 16:48:54,0.595953605132634,431349760.0,12.0
2026-04-05 16:49:02,0.5746262101011317,430882816.0,12.0
2026-04-05 16:49:09,0.58831831216916,430878720.0,12.0
2026-04-05 16:49:16,0.5322068383390683,431472640.0,12.0
2026-04-05 16:49:23,0.5750745359553753,431411200.0,12.0
2026-04-05 16:49:31,0.5451946764807923,431616000.0,12.0
2026-04-05 16:49:38,0.5055156536223119,431820800.0,12.0
2026-04-05 16:49:46,0.6026453971679476,430940160.0,12.0
2026-04-05 16:49:53,0.5619636225435551,430624768.0,12.0
2026-04-05 16:50:00,0.5380721267942359,430845952.0,12.0
2026-04-05 16:50:08,0.593440587457232,430845952.0,12.0
2026-04-05 16:50:15,0.5456013588776671,432705536.0,12.0
2026-04-05 16:50:22,0.6104297317905072,432754688.0,12.0
2026-04-05 16:50:30,0.5254290519153139,431534080.0,12.0
2026-04-05 16:50:37,0.5516433005924751,431796224.0,12.0
2026-04-05 16:50:44,0.5547149767761618,431296512.0,12.0
2026-04-05 16:50:52,0.5985384616626398,432050176.0,12.0
2026-04-05 16:50:59,0.5536258592907533,431783936.0,12.0
2026-04-05 16:51:07,0.5828351365524914,432181248.0,12.0
2026-04-05 16:51:14,0.5849512891201301,430141440.0,12.0
2026-04-05 16:51:22,0.595680606525231,430153728.0,12.0
2026-04-05 16:51:29,0.537740226835055,430157824.0,12.0
2026-04-05 16:51:37,0.5445994242670853,431480832.0,12.0
2026-04-05 16:51:45,0.6161814304911826,432070656.0,12.0
2026-04-05 16:51:52,0.6073657068540105,431251456.0,12.0
2026-04-05 16:51:59,0.5606653854433266,431001600.0,12.0
2026-04-05 16:52:07,0.5749045381672248,432222208.0,12.0
2026-04-05 16:52:14,0.5186965352453191,432050176.0,12.0
2026-04-05 16:52:22,0.6000949114086896,429445120.0,12.0
2026-04-05 16:52:29,0.5949496259741501,429768704.0,12.0
2026-04-05 16:52:36,0.4979852875354175,429805568.0,12.0
2026-04-05 16:52:44,0.51580718810493,430977024.0,12.0
2026-04-05 16:52:51,0.5704103024092366,429772800.0,12.0
2026-04-05 16:52:58,0.5303129757829319,429494272.0,12.0
2026-04-05 16:53:05,0.5853360722867385,426668032.0,12.0
2026-04-05 16:53:13,0.5662600574215929,426610688.0,12.0
2026-04-05 16:53:20,0.5287796569027633,428175360.0,12.0
2026-04-05 16:53:27,0.5864328288694742,428634112.0,12.0
2026-04-05 16:53:35,0.6127652015984506,428654592.0,12.0
2026-04-05 16:53:42,0.5450138805461847,428666880.0,12.0
2026-04-05 16:53:49,0.5582776270929385,428511232.0,12.0
2026-04-05 16:53:56,0.5882798228810083,429309952.0,12.0
2026-04-05 16:54:04,0.5918012499430839,427954176.0,12.0
2026-04-05 16:54:11,0.591647331216687,427573248.0,12.0
2026-04-05 16:54:18,0.5307969371238309,427626496.0,12.0
2026-04-05 16:54:25,0.5945475482146604,428195840.0,12.0
2026-04-05 16:54:33,0.5699297015375082,428298240.0,12.0
2026-04-05 16:54:40,0.525281268274766,425349120.0,12.0
2026-04-05 16:54:47,0.5667589767900894,425357312.0,12.0
2026-04-05 16:54:55,0.5922721655369922,426242048.0,12.0
2026-04-05 16:55:02,0.6072977863512473,425574400.0,12.0
2026-04-05 16:55:09,0.6221786123339484,425566208.0,12.0
2026-04-05 16:55:16,0.533345246120272,425607168.0,12.0
2026-04-05 16:55:24,0.5775212790239043,425439232.0,12.0
2026-04-05 16:55:31,0.624120498954074,425422848.0,12.0
2026-04-05 16:55:38,0.5650898009637908,425422848.0,12.0
2026-04-05 16:55:46,0.6186908592229717,424955904.0,12.0
2026-04-05 16:55:53,0.5533125622285745,425656320.0,12.0
2026-04-05 16:56:00,0.5522835617384094,425689088.0,12.0
2026-04-05 16:56:08,0.4973743683661368,425947136.0,12.0
2026-04-05 16:56:15,0.5739344879365504,426016768.0,12.0
2026-04-05 16:56:23,0.5682349358774434,425644032.0,12.0
2026-04-05 16:56:30,0.5656381457888202,425701376.0,12.0
2026-04-05 16:56:38,0.5105586568738929,425713664.0,12.0
2026-04-05 16:56:45,0.5550471440099483,424030208.0,12.0
2026-04-05 16:56:52,0.5303667101970517,423743488.0,12.0
2026-04-05 16:57:00,0.511441501066064,423706624.0,12.0
2026-04-05 16:57:07,0.5482533701898834,423305216.0,12.0
2026-04-05 16:57:14,0.5576767460566014,423645184.0,12.0
2026-04-05 16:57:22,0.5164162101718156,423628800.0,12.0
2026-04-05 16:57:29,0.4911439304807567,423886848.0,12.0
2026-04-05 16:57:37,0.5347114569880886,424849408.0,12.0
2026-04-05 16:57:44,0.4966004542475034,424718336.0,12.0
2026-04-05 16:57:51,0.5209336287517489,424824832.0,12.0
2026-04-05 16:57:58,0.5217600749452428,423956480.0,12.0
2026-04-05 16:58:06,0.4654184963122354,424030208.0,12.0
2026-04-05 16:58:13,0.4758579288291911,423927808.0,12.0
2026-04-05 16:58:20,0.49622316723903176,424488960.0,12.0
2026-04-05 16:58:27,0.5066769051686727,424685568.0,12.0
2026-04-05 16:58:35,0.5012017954148782,424697856.0,12.0
2026-04-05 16:58:42,0.47593849603377053,423600128.0,12.0
2026-04-05 16:58:49,0.4706123462258167,425037824.0,12.0
2026-04-05 16:58:57,0.4965820712341085,422612992.0,12.0
2026-04-05 16:59:04,0.45397770914901714,422547456.0,12.0
2026-04-05 16:59:11,0.4646709769672859,423243776.0,12.0
2026-04-05 16:59:18,0.45093347364782727,423559168.0,12.0
2026-04-05 16:59:26,0.43968426813281464,424763392.0,12.0
2026-04-05 16:59:33,0.44858114276097777,424865792.0,12.0
2026-04-05 16:59:40,0.4011915438182266,423559168.0,12.0
2026-04-05 16:59:48,0.42748161599682355,423575552.0,12.0
2026-04-05 16:59:55,0.4253262486921177,420597760.0,12.0
2026-04-05 17:00:02,0.38756367675075326,420511744.0,12.0
2026-04-05 17:00:09,0.4105081074981466,420728832.0,12.0
2026-04-05 17:00:17,0.40810728125542817,421199872.0,12.0
2026-04-05 17:00:24,0.3766111433572206,421445632.0,12.0
2026-04-05 17:00:31,0.3533391406990409,421654528.0,12.0
2026-04-05 17:00:39,0.361145200526804,422588416.0,12.0
2026-04-05 17:00:46,0.3846051397083947,423636992.0,12.0
2026-04-05 17:00:53,0.37569613970438664,423608320.0,12.0
2026-04-05 17:01:00,0.3452891474225495,423063552.0,12.0
2026-04-05 17:01:08,0.3331521833106353,420401152.0,12.0
2026-04-05 17:01:15,0.3174598533649982,420839424.0,12.0
2026-04-05 17:01:22,0.33847771080985684,420638720.0,12.0
2026-04-05 17:01:30,0.315894022863004,420429824.0,12.0
2026-04-05 17:01:37,0.32999140047264613,420855808.0,12.0
2026-04-05 17:01:45,0.3063417778267067,421969920.0,12.0
2026-04-05 17:01:52,0.3183309517724444,422535168.0,12.0
2026-04-05 17:01:59,0.28113424389171254,422621184.0,12.0
2026-04-05 17:02:07,0.27988229297761724,423145472.0,12.0
2026-04-05 17:02:14,0.2838829255297061,423399424.0,12.0
2026-04-05 17:02:22,0.30350349213970923,423403520.0,12.0
2026-04-05 17:02:29,0.3073529396428476,420851712.0,12.0
2026-04-05 17:02:37,0.3060126669593463,421179392.0,12.0
2026-04-05 17:02:44,0.2858907501404159,421294080.0,12.0
2026-04-05 17:02:51,0.3232023637344712,421298176.0,12.0
2026-04-05 17:02:59,0.29951311978767114,421126144.0,12.0
2026-04-05 17:03:06,0.29524710758606876,421396480.0,12.0
2026-04-05 17:03:13,0.28255092157774525,421412864.0,12.0
2026-04-05 17:03:21,0.29919873875098524,422084608.0,12.0
2026-04-05 17:03:28,0.26836972327165265,422100992.0,12.0
2026-04-05 17:03:35,0.2841827279375988,422961152.0,12.0
2026-04-05 17:03:43,0.2752931968009275,422985728.0,12.0
2026-04-05 17:03:50,0.24677656547901042,423923712.0,12.0
2026-04-05 17:03:57,0.2992606879187451,423919616.0,12.0
2026-04-05 17:04:05,0.29591814985931436,420966400.0,12.0
2026-04-05 17:04:12,0.2797271908395008,421003264.0,12.0
2026-04-05 17:04:19,0.26974096196480224,421076992.0,12.0
2026-04-05 17:04:26,0.27771720622492885,421109760.0,12.0
2026-04-05 17:04:34,0.25935011781828066,422154240.0,12.0
2026-04-05 17:04:41,0.30656263736315154,422608896.0,12.0
2026-04-05 17:04:48,0.28992496056146183,423129088.0,12.0
2026-04-05 17:04:56,0.3161293893277914,422957056.0,12.0
2026-04-05 17:05:03,0.28788348812006787,422973440.0,12.0
2026-04-05 17:05:10,0.28238784626691155,424058880.0,12.0
2026-04-05 17:05:18,0.33307809635310054,423759872.0,12.0
2026-04-05 17:05:25,0.34130526607092077,422035456.0,12.0
2026-04-05 17:05:32,0.33181821976745646,422191104.0,12.0
2026-04-05 17:05:39,0.3070437042637383,422031360.0,12.0
2026-04-05 17:05:47,0.3582332375804861,421781504.0,12.0
2026-04-05 17:05:54,0.3137151373871982,422346752.0,12.0
2026-04-05 17:06:01,0.3608978149244002,422187008.0,12.0
2026-04-05 17:06:09,0.3320345461940817,422064128.0,12.0
2026-04-05 17:06:16,0.40237885653360667,420847616.0,12.0
2026-04-05 17:06:23,0.41342249152341276,420995072.0,12.0
2026-04-05 17:06:31,0.39120001166091745,421031936.0,12.0
2026-04-05 17:06:38,0.40099912113330677,421896192.0,12.0
2026-04-05 17:06:46,0.44061898672298055,422973440.0,12.0
2026-04-05 17:06:53,0.4467752139997416,423186432.0,12.0
2026-04-05 17:07:01,0.432604122922476,423297024.0,12.0
2026-04-05 17:07:08,0.4820281491755381,421740544.0,12.0
2026-04-05 17:07:15,0.4750537081707072,422375424.0,12.0
2026-04-05 17:07:23,0.48328522431697907,422084608.0,12.0
2026-04-05 17:07:30,0.4480480589958104,421851136.0,12.0
2026-04-05 17:07:37,0.44903594568454075,423260160.0,12.0
2026-04-05 17:07:45,0.48333868889782894,424722432.0,12.0
2026-04-05 17:07:52,0.4824143343521582,423366656.0,12.0
2026-04-05 17:08:00,0.4825353332561899,423366656.0,12.0
2026-04-05 17:08:07,0.4997637221436906,422891520.0,12.0
2026-04-05 17:08:14,0.47368975414572234,424198144.0,12.0
2026-04-05 17:08:22,0.5128072422171548,424632320.0,12.0
2026-04-05 17:08:29,0.5076720673856953,424366080.0,12.0
2026-04-05 17:08:36,0.5025603335145747,423723008.0,12.0
2026-04-05 17:08:44,0.49814814988795886,423763968.0,12.0
2026-04-05 17:08:51,0.5186235445925735,424693760.0,12.0
2026-04-05 17:08:58,0.546438247023806,424292352.0,12.0
2026-04-05 17:09:06,0.5064404510786615,424706048.0,12.0
2026-04-05 17:09:13,0.5106711553048839,424382464.0,12.0
2026-04-05 17:09:20,0.4941195675355791,424456192.0,12.0
2026-04-05 17:09:28,0.4717139051786239,424439808.0,12.0
2026-04-05 17:09:35,0.5408608342554058,424374272.0,12.0
2026-04-05 17:09:42,0.5335962801657761,425512960.0,12.0
2026-04-05 17:09:49,0.5260118605623407,425283584.0,12.0
2026-04-05 17:09:57,0.5441534385123358,425721856.0,12.0
2026-04-05 17:10:04,0.46175712120127743,425660416.0,12.0
2026-04-05 17:10:11,0.5519511932055912,425324544.0,12.0
2026-04-05 17:10:19,0.5096422697317107,425328640.0,12.0
2026-04-05 17:10:26,0.5628245843455119,425725952.0,12.0
2026-04-05 17:10:33,0.5511690958705162,426016768.0,12.0
2026-04-05 17:10:40,0.5760269246940672,427126784.0,12.0
2026-04-05 17:10:48,0.5324348051118665,427130880.0,12.0
2026-04-05 17:10:55,0.5722432116175127,426967040.0,12.0
2026-04-05 17:11:02,0.5444900330807365,425734144.0,12.0
2026-04-05 17:11:10,0.5306854177809756,427683840.0,12.0
2026-04-05 17:11:17,0.5642520547826138,427700224.0,12.0
2026-04-05 17:11:24,0.4995733387823953,427974656.0,12.0
2026-04-05 17:11:32,0.585717419357759,429084672.0,12.0
2026-04-05 17:11:39,0.5388114244513525,429084672.0,12.0
2026-04-05 17:11:46,0.5272120267823849,429064192.0,12.0
2026-04-05 17:11:54,0.5758318248954676,428699648.0,12.0
2026-04-05 17:12:01,0.5843902833248292,428048384.0,12.0
2026-04-05 17:12:08,0.5389432755923206,428302336.0,12.0
2026-04-05 17:12:16,0.6121034605953427,428531712.0,12.0
2026-04-05 17:12:23,0.589547579029761,428449792.0,12.0
2026-04-05 17:12:30,0.6076343434401303,429162496.0,12.0
2026-04-05 17:12:38,0.5710724469877732,429355008.0,12.0
2026-04-05 17:12:45,0.5734037575789599,431394816.0,12.0
2026-04-05 17:12:53,0.5415200427942781,431665152.0,12.0
2026-04-05 17:13:00,0.5094569452569413,430624768.0,12.0
2026-04-05 17:13:08,0.5758657062384828,430612480.0,12.0
2026-04-05 17:13:15,0.5375148642859042,430657536.0,12.0
2026-04-05 17:13:22,0.5820119600190581,430338048.0,12.0
2026-04-05 17:13:30,0.603536430203531,430931968.0,12.0
2026-04-05 17:13:37,0.5972908498001492,430931968.0,12.0
2026-04-05 17:13:45,0.61999004746774,431394816.0,12.0
2026-04-05 17:13:52,0.5751018886530191,431423488.0,12.0
2026-04-05 17:13:59,0.5479264245700544,431706112.0,12.0
2026-04-05 17:14:07,0.5603148141045375,432627712.0,12.0
2026-04-05 17:14:14,0.6001556109767837,433209344.0,12.0
2026-04-05 17:14:22,0.5732774856895281,432783360.0,12.0
2026-04-05 17:14:29,0.5829193305856638,432799744.0,12.0
2026-04-05 17:14:36,0.6109983164030021,432984064.0,12.0
2026-04-05 17:14:44,0.5826497891648535,433152000.0,12.0
2026-04-05 17:14:51,0.570105041132534,433254400.0,12.0
2026-04-05 17:14:58,0.5359798773007073,433217536.0,12.0
2026-04-05 17:15:06,0.6078400385488095,434749440.0,12.0
2026-04-05 17:15:13,0.5414982666405763,434946048.0,12.0
2026-04-05 17:15:20,0.5374160250871173,434364416.0,12.0
2026-04-05 17:15:27,0.5624729860869162,434360320.0,12.0
2026-04-05 17:15:35,0.6160421421782624,433131520.0,12.0
2026-04-05 17:15:42,0.6107355470219462,433156096.0,12.0
2026-04-05 17:15:49,0.520747958848514,433254400.0,12.0
2026-04-05 17:15:57,0.5820681897887305,435544064.0,12.0
2026-04-05 17:16:04,0.564099100032664,435642368.0,12.0
2026-04-05 17:16:11,0.6002682928033062,433934336.0,12.0
2026-04-05 17:16:19,0.6030804285269518,433733632.0,12.0
2026-04-05 17:16:26,0.5760321760717345,433778688.0,12.0
2026-04-05 17:16:33,0.5816889802736819,434192384.0,12.0
2026-04-05 17:16:41,0.6087810557379162,435871744.0,12.0
2026-04-05 17:16:48,0.588733722735085,435879936.0,12.0
2026-04-05 17:16:55,0.5857386871359438,435294208.0,12.0
2026-04-05 17:17:03,0.596143435671109,435404800.0,12.0
2026-04-05 17:17:10,0.5163052775893963,434896896.0,12.0
2026-04-05 17:17:17,0.5908043487183539,435073024.0,12.0
2026-04-05 17:17:25,0.537509295325395,434851840.0,12.0
2026-04-05 17:17:32,0.6243271075802015,434946048.0,12.0
2026-04-05 17:17:39,0.5372172530908974,434954240.0,12.0
2026-04-05 17:17:46,0.5869515306377939,435277824.0,12.0
2026-04-05 17:17:54,0.6115064263830157,436961280.0,12.0
2026-04-05 17:18:01,0.6141260523058213,435138560.0,12.0
2026-04-05 17:18:09,0.6160853180825373,435159040.0,12.0
2026-04-05 17:18:16,0.6143128644641288,434843648.0,12.0
2026-04-05 17:18:23,0.5763374161433115,435634176.0,12.0
2026-04-05 17:18:31,0.5564452971518282,436109312.0,12.0
2026-04-05 17:18:38,0.559846041288774,435978240.0,12.0
2026-04-05 17:18:45,0.6037098582407071,436891648.0,12.0
2026-04-05 17:18:53,0.5860331289809197,436826112.0,12.0
2026-04-05 17:19:00,0.5771153053012898,436928512.0,12.0
2026-04-05 17:19:08,0.5796747720866733,436465664.0,12.0
2026-04-05 17:19:15,0.6138828501759135,438280192.0,12.0
2026-04-05 17:19:22,0.6293774636923224,438128640.0,12.0
2026-04-05 17:19:30,0.5836000457251906,436113408.0,12.0
2026-04-05 17:19:37,0.5876113128391046,436121600.0,12.0
2026-04-05 17:19:44,0.5689806080030272,436973568.0,12.0
2026-04-05 17:19:52,0.6204684385356943,436396032.0,12.0
2026-04-05 17:19:59,0.5857715642217544,436281344.0,12.0
2026-04-05 17:20:07,0.5866287969597901,436711424.0,12.0
2026-04-05 17:20:14,0.56728673774157,436129792.0,12.0
2026-04-05 17:20:22,0.5922647275980054,435400704.0,12.0
2026-04-05 17:20:29,0.5918619104564625,435019776.0,12.0
2026-04-05 17:20:37,0.5519252979212007,435458048.0,12.0
2026-04-05 17:20:44,0.5876755815233426,436297728.0,12.0
2026-04-05 17:20:52,0.5927978551910911,435871744.0,12.0
2026-04-05 17:20:59,0.6045768970391292,436260864.0,12.0
2026-04-05 17:21:07,0.5413783727218162,436281344.0,12.0
2026-04-05 17:21:14,0.5752052763822373,436731904.0,12.0
2026-04-05 17:21:21,0.5421838288214357,437501952.0,12.0
2026-04-05 17:21:29,0.5830876477368675,437317632.0,12.0
2026-04-05 17:21:36,0.5143343572450398,437682176.0,12.0
2026-04-05 17:21:43,0.5639809856261472,437579776.0,12.0
2026-04-05 17:21:51,0.5714406179678594,438181888.0,12.0
2026-04-05 17:21:58,0.5748316346693932,438145024.0,12.0
2026-04-05 17:22:06,0.5456814958976944,438132736.0,12.0
2026-04-05 17:22:13,0.5840699010882061,435978240.0,12.0
2026-04-05 17:22:20,0.5365232535004193,435752960.0,12.0
2026-04-05 17:22:28,0.6021050782995696,435834880.0,12.0
2026-04-05 17:22:35,0.6192026270841736,435978240.0,12.0
2026-04-05 17:22:42,0.5806981648639389,436518912.0,12.0
2026-04-05 17:22:50,0.505381806686096,436805632.0,12.0
2026-04-05 17:22:57,0.5870291751412375,434049024.0,12.0
2026-04-05 17:23:04,0.5299612743111947,434106368.0,12.0
2026-04-05 17:23:12,0.5594771768073534,435335168.0,12.0
2026-04-05 17:23:19,0.5950344391510638,435265536.0,12.0
2026-04-05 17:23:27,0.5693045320529925,434302976.0,12.0
2026-04-05 17:23:34,0.5360088115647427,434487296.0,12.0
2026-04-05 17:23:41,0.5934298550286362,433786880.0,12.0
2026-04-05 17:23:49,0.5021095019503637,433659904.0,12.0
2026-04-05 17:23:56,0.5934625319951632,432570368.0,12.0
2026-04-05 17:24:03,0.5752030865367757,432549888.0,12.0
2026-04-05 17:24:11,0.5487421790779486,432779264.0,12.0
2026-04-05 17:24:18,0.5508620598715716,432603136.0,12.0
2026-04-05 17:24:25,0.537721341202808,432680960.0,12.0
2026-04-05 17:24:33,0.5733858753536306,432816128.0,12.0
2026-04-05 17:24:40,0.5249421506596272,432615424.0,12.0
2026-04-05 17:24:47,0.611218157352925,432615424.0,12.0
2026-04-05 17:24:55,0.6022334313798899,432328704.0,12.0
2026-04-05 17:25:02,0.604502960247395,431222784.0,12.0
2026-04-05 17:25:09,0.5457643792633784,431321088.0,12.0
2026-04-05 17:25:17,0.5772681403719101,431464448.0,12.0
2026-04-05 17:25:24,0.5824381002833104,429629440.0,12.0
2026-04-05 17:25:31,0.568679496865042,430010368.0,12.0
2026-04-05 17:25:39,0.5993557085984303,429129728.0,12.0
2026-04-05 17:25:46,0.6034730607922926,429948928.0,12.0
2026-04-05 17:25:54,0.515569632285457,429940736.0,12.0
2026-04-05 17:26:01,0.593728746478798,428974080.0,12.0
2026-04-05 17:26:08,0.502109121473589,428974080.0,12.0
2026-04-05 17:26:16,0.5488907009746093,429182976.0,12.0
2026-04-05 17:26:23,0.56343036869375,428457984.0,12.0
2026-04-05 17:26:30,0.5601190624230943,429813760.0,12.0
2026-04-05 17:26:38,0.5755082155120591,429490176.0,12.0
2026-04-05 17:26:46,0.5308993179584669,429727744.0,12.0
2026-04-05 17:26:53,0.5051554614753416,429092864.0,12.0
2026-04-05 17:27:00,0.44904004069735365,429101056.0,12.0
2026-04-05 17:27:08,0.4874669035135292,429297664.0,12.0
2026-04-05 17:27:15,0.5509865135799668,429137920.0,12.0
2026-04-05 17:27:23,0.4947829742290702,429133824.0,12.0
2026-04-05 17:27:30,0.44231962115807455,427298816.0,12.0
2026-04-05 17:27:38,0.5076145855866416,427610112.0,12.0
2026-04-05 17:27:45,0.539449961477194,426975232.0,12.0
2026-04-05 17:27:52,0.5292988956801684,426700800.0,12.0
2026-04-05 17:28:00,0.4565285887431148,427577344.0,12.0
2026-04-05 17:28:07,0.54388305361131,428269568.0,12.0
2026-04-05 17:28:14,0.5139888811166193,427909120.0,12.0
2026-04-05 17:28:22,0.47770169802565643,426545152.0,12.0
2026-04-05 17:28:29,0.5190740521691936,426160128.0,12.0
2026-04-05 17:28:37,0.44920353136772684,427225088.0,12.0
2026-04-05 17:28:44,0.5015601681867832,426369024.0,12.0
2026-04-05 17:28:51,0.4856290502203544,426577920.0,12.0
2026-04-05 17:28:59,0.4430791345668854,426614784.0,12.0
2026-04-05 17:29:06,0.4457280020523729,426848256.0,12.0
2026-04-05 17:29:14,0.4408008282794847,427053056.0,12.0
2026-04-05 17:29:21,0.44113548356324955,427868160.0,12.0
2026-04-05 17:29:28,0.3938632217579888,427905024.0,12.0
2026-04-05 17:29:36,0.40728062239593804,427126784.0,12.0
2026-04-05 17:29:43,0.40514127537956307,426803200.0,12.0
2026-04-05 17:29:50,0.3661560123004269,427442176.0,12.0
2026-04-05 17:29:58,0.39854722729376035,427229184.0,12.0
2026-04-05 17:30:05,0.3886371377544999,426901504.0,12.0
2026-04-05 17:30:12,0.3575908865794384,426856448.0,12.0
2026-04-05 17:30:20,0.33299520627504586,426831872.0,12.0
2026-04-05 17:30:27,0.3754186871946078,427200512.0,12.0
2026-04-05 17:30:34,0.36258926829976523,428085248.0,12.0
2026-04-05 17:30:42,0.3799728487936684,427917312.0,12.0
2026-04-05 17:30:49,0.3569672076680209,427925504.0,12.0
2026-04-05 17:30:56,0.32474857058549766,430796800.0,12.0
2026-04-05 17:31:04,0.33530209209475,428253184.0,12.0
2026-04-05 17:31:11,0.35528254871862786,428568576.0,12.0
2026-04-05 17:31:19,0.3105189470797584,428511232.0,12.0
2026-04-05 17:31:26,0.3437982213281264,426057728.0,12.0
2026-04-05 17:31:33,0.3335551268032845,426115072.0,12.0
2026-04-05 17:31:41,0.31821679765312233,423927808.0,12.0
2026-04-05 17:31:48,0.3137640858864767,423989248.0,12.0
2026-04-05 17:31:55,0.3189591554334996,424521728.0,12.0
2026-04-05 17:32:03,0.27612075662225,424189952.0,12.0
2026-04-05 17:32:10,0.2849237817986609,424304640.0,12.0
2026-04-05 17:32:17,0.3067820068713232,425160704.0,12.0
2026-04-05 17:32:25,0.24932201921630945,425771008.0,12.0
2026-04-05 17:32:32,0.3011375711115268,425746432.0,12.0
2026-04-05 17:32:39,0.2807432516953241,425922560.0,12.0
2026-04-05 17:32:47,0.24422661444837862,423448576.0,12.0
2026-04-05 17:32:54,0.29716920921856954,423178240.0,12.0
2026-04-05 17:33:01,0.26883955384490277,423010304.0,12.0
2026-04-05 17:33:09,0.2717397213755079,423280640.0,12.0
2026-04-05 17:33:16,0.28487371570428255,423673856.0,12.0
2026-04-05 17:33:23,0.21602537019093984,423694336.0,12.0
2026-04-05 17:33:31,0.29248210116924545,423989248.0,12.0
2026-04-05 17:33:38,0.2759698964343273,424030208.0,12.0
2026-04-05 17:33:46,0.29274112122512047,424419328.0,12.0
2026-04-05 17:33:53,0.29392836406886663,424480768.0,12.0
2026-04-05 17:34:00,0.25857385042951414,425164800.0,12.0
2026-04-05 17:34:08,0.300269887159934,425594880.0,12.0
2026-04-05 17:34:16,0.302923492733068,425603072.0,12.0
2026-04-05 17:34:23,0.2742647599095494,426057728.0,12.0
2026-04-05 17:34:31,0.2981890792621329,424153088.0,12.0
2026-04-05 17:34:38,0.29675064145160085,423903232.0,12.0
2026-04-05 17:34:46,0.2899810753167411,424099840.0,12.0
2026-04-05 17:34:54,0.29575586370551904,424050688.0,12.0
2026-04-05 17:35:01,0.30838722900738835,424165376.0,12.0
2026-04-05 17:35:09,0.2975582984358528,424165376.0,12.0
2026-04-05 17:35:16,0.32905552876323996,425275392.0,12.0
2026-04-05 17:35:24,0.3109877252046507,424275968.0,12.0
2026-04-05 17:35:32,0.33614045335461523,423956480.0,12.0
2026-04-05 17:35:39,0.3307098988374944,423890944.0,12.0
2026-04-05 17:35:47,0.35820247893775764,424419328.0,12.0
2026-04-05 17:35:54,0.35014286557840674,425324544.0,12.0
2026-04-05 17:36:02,0.37191870857669357,425451520.0,12.0
2026-04-05 17:36:09,0.34484895806639637,426074112.0,12.0
2026-04-05 17:36:17,0.38112136537613145,425410560.0,12.0
2026-04-05 17:36:24,0.36711529791765457,424210432.0,12.0
2026-04-05 17:36:32,0.38972907801176954,424206336.0,12.0
2026-04-05 17:36:40,0.33242261907900816,424210432.0,12.0
2026-04-05 17:36:47,0.3997844818424421,425242624.0,12.0
2026-04-05 17:36:55,0.43532053621531314,424964096.0,12.0
2026-04-05 17:37:02,0.4126781330649756,425746432.0,12.0
2026-04-05 17:37:10,0.437788648093258,427171840.0,12.0
2026-04-05 17:37:17,0.3920180521648854,425676800.0,12.0
2026-04-05 17:37:25,0.468993439403872,425377792.0,12.0
2026-04-05 17:37:32,0.4259464521672776,425324544.0,12.0
2026-04-05 17:37:40,0.3528686153855505,425467904.0,12.0
2026-04-05 17:37:47,0.4899137291717648,424603648.0,12.0
2026-04-05 17:37:54,0.486484053904688,425488384.0,12.0
2026-04-05 17:38:01,0.46082595375370283,425504768.0,12.0
2026-04-05 17:38:09,0.43687857817289033,426319872.0,12.0
2026-04-05 17:38:16,0.46725888921291797,426999808.0,12.0
2026-04-05 17:38:23,0.4661096299219876,426557440.0,12.0
2026-04-05 17:38:31,0.5278311730067707,426397696.0,12.0
2026-04-05 17:38:38,0.5293334117749681,426131456.0,12.0
2026-04-05 17:38:45,0.52815314230333,426840064.0,12.0
2026-04-05 17:38:53,0.4754670691452927,426921984.0,12.0
2026-04-05 17:39:00,0.4756049330902372,427028480.0,12.0
2026-04-05 17:39:08,0.5541988558717548,427175936.0,12.0
2026-04-05 17:39:15,0.5318445097728607,428994560.0,12.0
2026-04-05 17:39:22,0.5323358990138236,429113344.0,12.0
2026-04-05 17:39:30,0.514911356380257,427565056.0,12.0
2026-04-05 17:39:37,0.5392542849400618,427528192.0,12.0
2026-04-05 17:39:45,0.5001232143152018,428298240.0,12.0
2026-04-05 17:39:52,0.5515572541486854,428318720.0,12.0
2026-04-05 17:39:59,0.5132404756841934,427945984.0,12.0
2026-04-05 17:40:07,0.578030895883774,429309952.0,12.0
2026-04-05 17:40:14,0.5475537420943539,428929024.0,12.0
2026-04-05 17:40:22,0.5926263537066827,428564480.0,12.0
2026-04-05 17:40:29,0.5805478654818585,428879872.0,12.0
2026-04-05 17:40:37,0.5367786803812366,428965888.0,12.0
2026-04-05 17:40:44,0.5610541997371937,429051904.0,12.0
2026-04-05 17:40:52,0.5256615931371209,429015040.0,12.0
2026-04-05 17:40:59,0.5348254264974588,429150208.0,12.0
2026-04-05 17:41:07,0.5752766952500077,431337472.0,12.0
2026-04-05 17:41:15,0.5767771076561842,432132096.0,12.0
2026-04-05 17:41:22,0.5071337319138194,432185344.0,12.0
2026-04-05 17:41:30,0.5393481519142175,432316416.0,12.0
2026-04-05 17:41:38,0.5635342665614361,430698496.0,12.0
2026-04-05 17:41:45,0.6120325155936696,432570368.0,12.0
2026-04-05 17:41:53,0.5435267174997683,432697344.0,12.0
2026-04-05 17:42:00,0.5313943990837123,433029120.0,12.0
2026-04-05 17:42:08,0.595713744791925,433025024.0,12.0
2026-04-05 17:42:16,0.5224893504111744,433692672.0,12.0
2026-04-05 17:42:23,0.5604459312420856,433672192.0,12.0
2026-04-05 17:42:31,0.5751677752474685,433582080.0,12.0
2026-04-05 17:42:39,0.565210320203621,433647616.0,12.0
2026-04-05 17:42:46,0.5716443751249846,433061888.0,12.0
2026-04-05 17:42:54,0.5197707014186403,433479680.0,12.0
2026-04-05 17:43:01,0.593044698858816,433569792.0,12.0
2026-04-05 17:43:09,0.5588693985204672,433537024.0,12.0
2026-04-05 17:43:17,0.5411932063039331,436338688.0,12.0
2026-04-05 17:43:24,0.5414602945823226,436559872.0,12.0
2026-04-05 17:43:32,0.5842536071629199,435474432.0,12.0
2026-04-05 17:43:39,0.4948056885058989,435597312.0,12.0
2026-04-05 17:43:47,0.5581786129194323,436457472.0,12.0
2026-04-05 17:43:54,0.5588273583237348,437411840.0,12.0
2026-04-05 17:44:02,0.5688335468634073,437506048.0,12.0
2026-04-05 17:44:10,0.4922000899302407,437325824.0,12.0
2026-04-05 17:44:17,0.5577178133013433,435453952.0,12.0
2026-04-05 17:44:25,0.5352239259267536,435826688.0,12.0
2026-04-05 17:44:32,0.5643290480667538,436662272.0,12.0
2026-04-05 17:44:40,0.6035762620698587,436817920.0,12.0
2026-04-05 17:44:47,0.610032606647802,436273152.0,12.0
2026-04-05 17:44:55,0.583500440932353,435818496.0,12.0
2026-04-05 17:45:02,0.5837937980018505,438829056.0,12.0
2026-04-05 17:45:10,0.637590377686302,438644736.0,12.0
2026-04-05 17:45:19,0.554166404632429,438325248.0,12.0
2026-04-05 17:45:26,0.6132062560434407,436387840.0,12.0
2026-04-05 17:45:34,0.5654230251223015,437891072.0,12.0
2026-04-05 17:45:41,0.589618633491012,438050816.0,12.0
2026-04-05 17:45:49,0.5933018791370204,437854208.0,12.0
2026-04-05 17:45:56,0.5736023678523668,438800384.0,12.0
2026-04-05 17:46:04,0.5837416855257644,439103488.0,12.0
2026-04-05 17:46:11,0.6041576243764227,439132160.0,12.0
2026-04-05 17:46:19,0.5565132485667873,439107584.0,12.0
2026-04-05 17:46:26,0.6098673807456408,437649408.0,12.0
2026-04-05 17:46:34,0.5859784105369752,438263808.0,12.0
2026-04-05 17:46:41,0.6164256302648078,438677504.0,12.0
2026-04-05 17:46:48,0.5507898218327626,438243328.0,12.0
2026-04-05 17:46:56,0.597073579140345,438267904.0,12.0
2026-04-05 17:47:03,0.5685372029817292,439017472.0,12.0
2026-04-05 17:47:10,0.5251272193452698,438984704.0,12.0
2026-04-05 17:47:18,0.5783722338244554,439148544.0,12.0
2026-04-05 17:47:25,0.6070489209768964,437710848.0,12.0
2026-04-05 17:47:32,0.5702816525597535,439746560.0,12.0
2026-04-05 17:47:40,0.5826280209434844,439537664.0,12.0
2026-04-05 17:47:47,0.6260484608835788,439087104.0,12.0
2026-04-05 17:47:54,0.5263727851928792,439209984.0,12.0
2026-04-05 17:48:01,0.5768532512140949,441061376.0,12.0
2026-04-05 17:48:09,0.5489382670175773,441065472.0,12.0
2026-04-05 17:48:16,0.5731985192576512,440209408.0,12.0
2026-04-05 17:48:23,0.5489244896151825,439349248.0,12.0
2026-04-05 17:48:31,0.6223949133094374,439668736.0,12.0
2026-04-05 17:48:38,0.5772941493327891,439791616.0,12.0
2026-04-05 17:48:46,0.6045409194493332,438235136.0,12.0
2026-04-05 17:48:53,0.5338037944066275,438546432.0,12.0
2026-04-05 17:49:00,0.556934528941026,439136256.0,12.0
2026-04-05 17:49:08,0.5901116385423536,439160832.0,12.0
2026-04-05 17:49:15,0.6183990769733123,439328768.0,12.0
2026-04-05 17:49:23,0.6169038469400704,437686272.0,12.0
2026-04-05 17:49:30,0.6100719398451602,437395456.0,12.0
2026-04-05 17:49:37,0.5481364129567659,437358592.0,12.0
2026-04-05 17:49:45,0.6240079718368741,438546432.0,12.0
2026-04-05 17:49:53,0.5810641689758398,439500800.0,12.0
2026-04-05 17:50:00,0.5888398701868083,439721984.0,12.0
2026-04-05 17:50:08,0.5239288792493121,439607296.0,12.0
2026-04-05 17:50:15,0.5974857313761666,440815616.0,12.0
2026-04-05 17:50:23,0.6235867539383968,439455744.0,12.0
2026-04-05 17:50:30,0.5389052702223532,438931456.0,12.0
2026-04-05 17:50:38,0.5496040213712018,438931456.0,12.0
2026-04-05 17:50:45,0.5820023780154411,439451648.0,12.0
2026-04-05 17:50:52,0.5827316634623971,439578624.0,12.0
2026-04-05 17:51:00,0.5707800713395691,439447552.0,12.0
2026-04-05 17:51:07,0.5992744622261239,439435264.0,12.0
2026-04-05 17:51:15,0.6107862422875633,437145600.0,12.0
2026-04-05 17:51:22,0.5708380235670477,438034432.0,12.0
2026-04-05 17:51:29,0.6156882327168687,438079488.0,12.0
2026-04-05 17:51:37,0.6071895639410975,438054912.0,12.0
2026-04-05 17:51:44,0.5749322051956421,438116352.0,12.0
2026-04-05 17:51:52,0.596372581807793,436789248.0,12.0
2026-04-05 17:51:59,0.6115284356258717,437530624.0,12.0
2026-04-05 17:52:07,0.5744483069786442,437567488.0,12.0
2026-04-05 17:52:14,0.5845162408373563,439402496.0,12.0
2026-04-05 17:52:21,0.5836420614611018,439308288.0,12.0
2026-04-05 17:52:29,0.533663922142338,439037952.0,12.0
2026-04-05 17:52:36,0.5793130770249507,436899840.0,12.0
2026-04-05 17:52:43,0.5564830198884796,437006336.0,12.0
2026-04-05 17:52:51,0.5801084852800249,436494336.0,12.0
2026-04-05 17:52:58,0.5025849444696826,436166656.0,12.0
2026-04-05 17:53:05,0.5441701919132419,436367360.0,12.0
2026-04-05 17:53:13,0.5120355672849808,436428800.0,12.0
2026-04-05 17:53:20,0.5190519022017095,435699712.0,12.0
2026-04-05 17:53:27,0.5460871456926583,435445760.0,12.0
2026-04-05 17:53:35,0.6023164549931928,436998144.0,12.0
2026-04-05 17:53:42,0.5935841696182388,437051392.0,12.0
2026-04-05 17:53:50,0.5773338570885709,436867072.0,12.0
2026-04-05 17:53:57,0.5062159117877971,436690944.0,12.0
2026-04-05 17:54:05,0.5956627434610553,435978240.0,12.0
2026-04-05 17:54:12,0.5813254316635973,435642368.0,12.0
2026-04-05 17:54:20,0.5844941911435193,435929088.0,12.0
2026-04-05 17:54:27,0.5338384949137547,435855360.0,12.0
2026-04-05 17:54:35,0.5865578060962376,437403648.0,12.0
2026-04-05 17:54:42,0.5817632410379154,435511296.0,12.0
2026-04-05 17:54:50,0.5728320394451685,434626560.0,12.0
2026-04-05 17:54:57,0.5341021758972311,434540544.0,12.0
2026-04-05 17:55:05,0.560994196446488,435732480.0,12.0
2026-04-05 17:55:12,0.5466974099335258,435146752.0,12.0
2026-04-05 17:55:20,0.6020350317257707,435216384.0,12.0
2026-04-05 17:55:27,0.5225624397036394,435011584.0,12.0
2026-04-05 17:55:35,0.6053255791399582,433745920.0,12.0
2026-04-05 17:55:42,0.5901417552345083,433680384.0,12.0
2026-04-05 17:55:50,0.5673709364889208,433958912.0,12.0
2026-04-05 17:55:57,0.568352012754859,433864704.0,12.0
2026-04-05 17:56:05,0.6011196472338336,432480256.0,12.0
2026-04-05 17:56:12,0.44858557058927884,432541696.0,12.0
2026-04-05 17:56:20,0.5275881093397593,435167232.0,12.0
2026-04-05 17:56:28,0.5429905106649301,434917376.0,12.0
2026-04-05 17:56:35,0.5596960966006429,434384896.0,12.0
2026-04-05 17:56:43,0.562026-04-05 17:56:41,0.566253691272026-04-05 17:56:50,0.46554452169134747,432668672.0,12.0
2026-04-05 17:56:58,0.5105753465063908,432721920.0,12.0
2026-04-05 17:57:05,0.5526610379500502,433696768.0,12.0
2026-04-05 17:57:13,0.5221931619407623,433303552.0,12.0
2026-04-05 17:57:20,0.5578447743749099,433090560.0,12.0
2026-04-05 17:57:28,0.461843899083824,433152000.0,12.0
2026-04-05 17:57:35,0.5434761648920725,433250304.0,12.0
2026-04-05 17:57:43,0.5279612062366593,432074752.0,12.0
2026-04-05 17:57:50,0.5342308779612686,432988160.0,12.0
2026-04-05 17:57:58,0.48504876510389505,433029120.0,12.0
2026-04-05 17:58:06,0.5251689993785208,432549888.0,12.0
2026-04-05 17:58:13,0.504301754911614,432590848.0,12.0
2026-04-05 17:58:21,0.5215106109251548,433639424.0,12.0
2026-04-05 17:58:28,0.5286476190695839,433680384.0,12.0
2026-04-05 17:58:36,0.5027407418009082,432857088.0,12.0
2026-04-05 17:58:43,0.4408159641623049,432181248.0,12.0
2026-04-05 17:58:51,0.4808452961438523,430948352.0,12.0
2026-04-05 17:58:59,0.4632221802253862,430944256.0,12.0
2026-04-05 17:59:06,0.4750515618977794,429379584.0,12.0
2026-04-05 17:59:14,0.4495832428576328,429805568.0,12.0
2026-04-05 17:59:21,0.4419051979999576,430014464.0,12.0
2026-04-05 17:59:29,0.3925763828057912,430022656.0,12.0
2026-04-05 17:59:37,0.42040967562908615,430891008.0,12.0
2026-04-05 17:59:44,0.39981058715845114,430071808.0,12.0
2026-04-05 17:59:52,0.4126712022589158,430231552.0,12.0
2026-04-05 18:00:00,0.39694153767681534,430497792.0,12.0
2026-04-05 18:00:07,0.38570827710455446,432427008.0,12.0
2026-04-05 18:00:15,0.35456260876814605,433287168.0,12.0
2026-04-05 18:00:22,0.37049312210273966,431357952.0,12.0
2026-04-05 18:00:30,0.34534674312828434,430178304.0,12.0
2026-04-05 18:00:38,0.3456377068480855,430305280.0,12.0
2026-04-05 18:00:45,0.3262010475663945,430694400.0,12.0
2026-04-05 18:00:53,0.32801811450982454,430735360.0,12.0
2026-04-05 18:01:00,0.3003246001060195,430972928.0,12.0
2026-04-05 18:01:08,0.33115733425077976,431779840.0,12.0
2026-04-05 18:01:16,0.34395847936904456,430686208.0,12.0
2026-04-05 18:01:23,0.31019178793539554,430682112.0,12.0
2026-04-05 18:01:31,0.33418499721479245,431558656.0,12.0
2026-04-05 18:01:39,0.2929359594809747,432144384.0,12.0
2026-04-05 18:01:46,0.30068916172121013,429481984.0,12.0
2026-04-05 18:01:54,0.3206935943194082,429694976.0,12.0
2026-04-05 18:02:01,0.3207637984987925,430014464.0,12.0
2026-04-05 18:02:09,0.29306267408474684,429916160.0,12.0
2026-04-05 18:02:16,0.3197324290654573,429506560.0,12.0
2026-04-05 18:02:23,0.2844970076487485,429379584.0,12.0
2026-04-05 18:02:31,0.29684495782207726,429867008.0,12.0
2026-04-05 18:02:38,0.257624150716227,430129152.0,12.0
2026-04-05 18:02:45,0.2619571740741061,431087616.0,12.0
2026-04-05 18:02:53,0.2893890664208071,431144960.0,12.0
2026-04-05 18:03:00,0.25654943341353154,431505408.0,12.0
2026-04-05 18:03:08,0.2560921929580476,431513600.0,12.0
2026-04-05 18:03:15,0.28852265005342204,432254976.0,12.0
2026-04-05 18:03:23,0.28156088213477154,432259072.0,12.0
2026-04-05 18:03:30,0.2755556321680241,431919104.0,12.0
2026-04-05 18:03:38,0.2891302737138414,428826624.0,12.0
2026-04-05 18:03:45,0.28278307536384706,429015040.0,12.0
2026-04-05 18:03:52,0.30622936704407566,429350912.0,12.0
2026-04-05 18:04:00,0.301814889546839,429604864.0,12.0
2026-04-05 18:04:07,0.2930617522994454,430055424.0,12.0
2026-04-05 18:04:15,0.28894502109755527,430428160.0,12.0
2026-04-05 18:04:22,0.2991470757812892,430456832.0,12.0
2026-04-05 18:04:29,0.24631010471492812,430456832.0,12.0
2026-04-05 18:04:37,0.3066057495454082,429727744.0,12.0
2026-04-05 18:04:44,0.2761024003960703,427421696.0,12.0
2026-04-05 18:04:52,0.29897853223958876,427302912.0,12.0
2026-04-05 18:04:59,0.3041873489971018,427307008.0,12.0
2026-04-05 18:05:07,0.2996194758208594,427446272.0,12.0
2026-04-05 18:05:14,0.3237053497552725,427896832.0,12.0
2026-04-05 18:05:21,0.30872603357148487,427917312.0,12.0
2026-04-05 18:05:29,0.2983563079192199,428818432.0,12.0
2026-04-05 18:05:36,0.34630877853993675,429010944.0,12.0
2026-04-05 18:05:43,0.3496859523906742,429355008.0,12.0
2026-04-05 18:05:51,0.34775522992555447,429064192.0,12.0
2026-04-05 18:05:58,0.37342472655677383,430006272.0,12.0
2026-04-05 18:06:05,0.3318739097961229,429895680.0,12.0
2026-04-05 18:06:13,0.3567941496268006,430256128.0,12.0
2026-04-05 18:06:20,0.37355536497068415,428261376.0,12.0
2026-04-05 18:06:27,0.3813027879594244,428285952.0,12.0
2026-04-05 18:06:35,0.4232097246373934,429359104.0,12.0
2026-04-05 18:06:42,0.4252894126272681,429699072.0,12.0
2026-04-05 18:06:49,0.3661108333709098,429711360.0,12.0
2026-04-05 18:06:57,0.45173144003144716,431419392.0,12.0
2026-04-05 18:07:04,0.3836986753399703,431202304.0,12.0
2026-04-05 18:07:11,0.41336816564770307,430800896.0,12.0
2026-04-05 18:07:19,0.4527016912573043,428400640.0,12.0
2026-04-05 18:07:26,0.4059695544219208,429826048.0,12.0
2026-04-05 18:07:33,0.4550549221285634,430936064.0,12.0
2026-04-05 18:07:41,0.46586095983075615,429486080.0,12.0
2026-04-05 18:07:48,0.4190198356117689,429371392.0,12.0
2026-04-05 18:07:56,0.48814126438420385,430911488.0,12.0
2026-04-05 18:08:03,0.44732125069669515,431353856.0,12.0
2026-04-05 18:08:10,0.4406133905491668,431767552.0,12.0
2026-04-05 18:08:18,0.4930222318568973,431190016.0,12.0
2026-04-05 18:08:25,0.4607691286721917,431308800.0,12.0
2026-04-05 18:08:32,0.4712661472652955,431087616.0,12.0
2026-04-05 18:08:40,0.45488484850804306,431083520.0,12.0
2026-04-05 18:08:47,0.4619486832797549,430993408.0,12.0
2026-04-05 18:08:54,0.4549823739922216,431525888.0,12.0
2026-04-05 18:09:02,0.5179971855053331,433016832.0,12.0
2026-04-05 18:09:09,0.4585868390032369,433111040.0,12.0
2026-04-05 18:09:17,0.552167029545535,432156672.0,12.0
2026-04-05 18:09:24,0.5385528687212989,432394240.0,12.0
2026-04-05 18:09:31,0.5708253627250273,431783936.0,12.0
2026-04-05 18:09:39,0.5824900836984923,431837184.0,12.0
2026-04-05 18:09:46,0.5842276541683785,431992832.0,12.0
2026-04-05 18:09:54,0.5157356374056731,431915008.0,12.0
2026-04-05 18:10:01,0.6054427081098835,432463872.0,12.0
2026-04-05 18:10:08,0.545220067598999,432463872.0,12.0
2026-04-05 18:10:16,0.5472011799472843,432537600.0,12.0
2026-04-05 18:10:23,0.5707350960674101,431800320.0,12.0
2026-04-05 18:10:31,0.6002858749874614,433029120.0,12.0
2026-04-05 18:10:38,0.5737153752566139,433143808.0,12.0
2026-04-05 18:10:46,0.578185293092479,432844800.0,12.0
2026-04-05 18:10:53,0.47967666399029696,433041408.0,12.0
2026-04-05 18:11:00,0.4958907733276171,434626560.0,12.0
2026-04-05 18:11:08,0.5314482045768218,434745344.0,12.0
2026-04-05 18:11:15,0.5173927343135447,435994624.0,12.0
2026-04-05 18:11:23,0.5240779107142431,436060160.0,12.0
2026-04-05 18:11:30,0.5037385741824425,435761152.0,12.0
2026-04-05 18:11:38,0.5399630545848917,435802112.0,12.0
2026-04-05 18:11:45,0.5819641617419372,435802112.0,12.0
2026-04-05 18:11:52,0.5672073208121177,435916800.0,12.0
2026-04-05 18:12:00,0.5467449936397472,436502528.0,12.0
2026-04-05 18:12:07,0.6077089523283989,436371456.0,12.0
2026-04-05 18:12:15,0.6195458323042274,436695040.0,12.0
2026-04-05 18:12:22,0.5511017813462287,436477952.0,12.0
2026-04-05 18:12:29,0.5722088700006224,436461568.0,12.0
2026-04-05 18:12:37,0.5923444251145903,435486720.0,12.0
2026-04-05 18:12:44,0.5976549769393351,435912704.0,12.0
2026-04-05 18:12:52,0.587115707019144,438329344.0,12.0
2026-04-05 18:12:59,0.6369969558849804,438398976.0,12.0
2026-04-05 18:13:07,0.6038993200800217,438734848.0,12.0
2026-04-05 18:13:15,0.6083218724369366,439668736.0,12.0
2026-04-05 18:13:22,0.6239198741979424,437563392.0,12.0
2026-04-05 18:13:29,0.5917622814898926,437579776.0,12.0
2026-04-05 18:13:37,0.5930659988784794,437686272.0,12.0
2026-04-05 18:13:44,0.6100498611205899,441339904.0,12.0
2026-04-05 18:13:52,0.5683121209121598,439848960.0,12.0
2026-04-05 18:13:59,0.5849761370354206,439631872.0,12.0
2026-04-05 18:14:07,0.569987585964603,439545856.0,12.0
2026-04-05 18:14:14,0.5406640848596079,440213504.0,12.0
2026-04-05 18:14:22,0.6101942114289367,441790464.0,12.0
2026-04-05 18:14:29,0.5607762946282372,441966592.0,12.0
2026-04-05 18:14:37,0.583202026-04-05 18:14:31,0.576790382026-04-05 18:14:44,0.5975867420277177,442413056.0,12.0
2026-04-05 18:14:52,0.5473433292144401,440537088.0,12.0
2026-04-05 18:14:59,0.5687861207662723,440459264.0,12.0
2026-04-05 18:15:07,0.5897852431261783,439595008.0,12.0
2026-04-05 18:15:14,0.5587732916543405,442580992.0,12.0
2026-04-05 18:15:21,0.517241007714109,442699776.0,12.0
2026-04-05 18:15:29,0.52323777423498,442580992.0,12.0
2026-04-05 18:15:36,0.5988202528857673,441196544.0,12.0
2026-04-05 18:15:43,0.586992797545334,440958976.0,12.0
2026-04-05 18:15:51,0.6029767824561577,442695680.0,12.0
2026-04-05 18:15:59,0.5830943187452642,443088896.0,12.0
2026-04-05 18:16:06,0.5065865705020215,443363328.0,12.0
2026-04-05 18:16:13,0.5550516026945268,442609664.0,12.0
2026-04-05 18:16:20,0.6049143861555369,442134528.0,12.0
2026-04-05 18:16:28,0.5955652532277614,442191872.0,12.0
2026-04-05 18:16:35,0.4913537395279017,442245120.0,12.0
2026-04-05 18:16:42,0.5481917333131375,443535360.0,12.0
2026-04-05 18:16:50,0.5705433912717196,444657664.0,12.0
2026-04-05 18:16:57,0.6253163050594315,444710912.0,12.0
2026-04-05 18:17:04,0.5545258082735723,444796928.0,12.0
2026-04-05 18:17:12,0.5898566131877585,442359808.0,12.0
2026-04-05 18:17:19,0.5571608425912337,442269696.0,12.0
2026-04-05 18:17:26,0.616841651231955,442286080.0,12.0
2026-04-05 18:17:34,0.5836883135607187,442363904.0,12.0
2026-04-05 18:17:41,0.5638572834421314,442847232.0,12.0
2026-04-05 18:17:48,0.6065671363983628,442683392.0,12.0
2026-04-05 18:17:56,0.600783868195409,442945536.0,12.0
2026-04-05 18:18:03,0.6156510857977988,442867712.0,12.0
2026-04-05 18:18:10,0.5159569975706628,443236352.0,12.0
2026-04-05 18:18:17,0.610218852499694,442810368.0,12.0
2026-04-05 18:18:25,0.5675451983491747,442793984.0,12.0
2026-04-05 18:18:32,0.5835357853944322,442744832.0,12.0
2026-04-05 18:18:39,0.5815337767138566,442540032.0,12.0
2026-04-05 18:18:47,0.60852433241496,442388480.0,12.0
2026-04-05 18:18:54,0.5155406186897814,442630144.0,12.0
2026-04-05 18:19:01,0.6014155238004769,444952576.0,12.0
2026-04-05 18:19:09,0.5975046329625516,445169664.0,12.0
2026-04-05 18:19:16,0.5369170870360007,445210624.0,12.0
2026-04-05 18:19:23,0.5609998669448683,444280832.0,12.0
2026-04-05 18:19:31,0.5431323381272437,443990016.0,12.0
2026-04-05 18:19:38,0.5774557835198814,443916288.0,12.0
2026-04-05 18:19:45,0.6025878897863178,443453440.0,12.0
2026-04-05 18:19:53,0.5624714171997237,445861888.0,12.0
2026-04-05 18:20:00,0.5460296579008188,445976576.0,12.0
2026-04-05 18:20:08,0.546808527848427,446554112.0,12.0
2026-04-05 18:20:15,0.5983863562017209,444755968.0,12.0
2026-04-05 18:20:23,0.5563873990979015,444203008.0,12.0
2026-04-05 18:20:30,0.5232570423200446,444428288.0,12.0
2026-04-05 18:20:37,0.5908220033450405,444710912.0,12.0
2026-04-05 18:20:45,0.6126675716351572,444846080.0,12.0
2026-04-05 18:20:52,0.5558553642562036,444973056.0,12.0
2026-04-05 18:20:59,0.558615281019544,444780544.0,12.0
2026-04-05 18:21:07,0.5817250614244626,443183104.0,12.0
2026-04-05 18:21:14,0.5517698469762692,441524224.0,12.0
2026-04-05 18:21:22,0.6174835942000393,441917440.0,12.0
2026-04-05 18:21:29,0.5103059121513039,441925632.0,12.0
2026-04-05 18:21:36,0.6193906895405212,443215872.0,12.0
2026-04-05 18:21:44,0.5933651423243326,442339328.0,12.0
2026-04-05 18:21:51,0.615493445327251,442077184.0,12.0
2026-04-05 18:21:58,0.576032545712811,442097664.0,12.0
2026-04-05 18:22:06,0.5758171842406843,441733120.0,12.0
2026-04-05 18:22:13,0.6228090426292496,442208256.0,12.0
2026-04-05 18:22:20,0.5364040832093913,442277888.0,12.0
2026-04-05 18:22:28,0.6191621100111784,442658816.0,12.0
2026-04-05 18:22:35,0.5770911863679367,442675200.0,12.0
2026-04-05 18:22:42,0.6263890962568103,442114048.0,12.0
2026-04-05 18:22:50,0.592595428856934,441868288.0,12.0
2026-04-05 18:22:57,0.5711258634009022,442445824.0,12.0
2026-04-05 18:23:04,0.6089336100170213,444252160.0,12.0
2026-04-05 18:23:11,0.5839253686700915,441511936.0,12.0
2026-04-05 18:23:19,0.5753863928628733,441212928.0,12.0
2026-04-05 18:23:26,0.566188701389343,442073088.0,12.0
2026-04-05 18:23:33,0.5257845174423373,440852480.0,12.0
2026-04-05 18:23:41,0.4929180245946414,443228160.0,12.0
2026-04-05 18:23:48,0.5145124155956841,442937344.0,12.0
2026-04-05 18:23:55,0.5412601955072557,442978304.0,12.0
2026-04-05 18:24:03,0.5594166273957947,440438784.0,12.0
2026-04-05 18:24:10,0.5353990551267015,441020416.0,12.0
2026-04-05 18:24:17,0.6176742069219509,440958976.0,12.0
2026-04-05 18:24:25,0.593338161865983,440881152.0,12.0
2026-04-05 18:24:32,0.5987052093275458,438923264.0,12.0
2026-04-05 18:24:39,0.6269085315499209,439021568.0,12.0
2026-04-05 18:24:46,0.6012102442442729,439025664.0,12.0
2026-04-05 18:24:54,0.5698182623172043,438538240.0,12.0
2026-04-05 18:25:01,0.604313896822591,438665216.0,12.0
2026-04-05 18:25:08,0.6127533057842348,438550528.0,12.0
2026-04-05 18:25:16,0.5732800824719806,437600256.0,12.0
2026-04-05 18:25:23,0.6042507219493811,437669888.0,12.0
2026-04-05 18:25:31,0.5559949220149829,438603776.0,12.0
2026-04-05 18:25:38,0.5747598344590917,438284288.0,12.0
2026-04-05 18:25:45,0.556189137955397,438394880.0,12.0
2026-04-05 18:25:53,0.5176223594445484,438091776.0,12.0
2026-04-05 18:26:00,0.5583178005601646,438042624.0,12.0
2026-04-05 18:26:08,0.511479412365027,438054912.0,12.0
2026-04-05 18:26:15,0.5834770890541483,438005760.0,12.0
2026-04-05 18:26:22,0.5845342138565078,438587392.0,12.0
2026-04-05 18:26:30,0.5264646858172614,438837248.0,12.0
2026-04-05 18:26:38,0.5256766663271896,438988800.0,12.0
2026-04-05 18:26:45,0.5708186008995865,438284288.0,12.0
2026-04-05 18:26:52,0.5318518478096884,436133888.0,12.0
2026-04-05 18:27:00,0.5416873769251814,436158464.0,12.0
2026-04-05 18:27:07,0.48273974552278154,436146176.0,12.0
2026-04-05 18:27:14,0.4775810025812568,435433472.0,12.0
2026-04-05 18:27:22,0.4753309350584837,435634176.0,12.0
2026-04-05 18:27:29,0.47297306289993407,436555776.0,12.0
2026-04-05 18:27:37,0.5040503616331032,436781056.0,12.0
2026-04-05 18:27:44,0.5159099264638451,437239808.0,12.0
2026-04-05 18:27:51,0.4695764337763637,437198848.0,12.0
2026-04-05 18:27:59,0.48474631809327384,437182464.0,12.0
2026-04-05 18:28:06,0.4986008470103087,436846592.0,12.0
2026-04-05 18:28:13,0.466055202896217,436363264.0,12.0
2026-04-05 18:28:20,0.5108508696692944,436170752.0,12.0
2026-04-05 18:28:28,0.5025425374118976,436547584.0,12.0
2026-04-05 18:28:35,0.5077388038604308,436592640.0,12.0
2026-04-05 18:28:42,0.443322148797522,435118080.0,12.0
2026-04-05 18:28:50,0.45575670011347064,434483200.0,12.0
2026-04-05 18:28:57,0.4385794549068761,434712576.0,12.0
2026-04-05 18:29:04,0.4545227521354909,435974144.0,12.0
2026-04-05 18:29:12,0.4609177350750485,435494912.0,12.0
2026-04-05 18:29:19,0.44870646656889146,435564544.0,12.0
2026-04-05 18:29:26,0.4431865458943932,435699712.0,12.0
2026-04-05 18:29:33,0.4252752427701354,435847168.0,12.0
2026-04-05 18:29:41,0.4519182878255668,436264960.0,12.0
2026-04-05 18:29:48,0.4138069703318908,437387264.0,12.0
2026-04-05 18:29:55,0.37979189839298605,435458048.0,12.0
2026-04-05 18:30:03,0.4122949997499168,435597312.0,12.0
2026-04-05 18:30:10,0.3920470154954846,435253248.0,12.0
2026-04-05 18:30:17,0.3972787516882575,435167232.0,12.0
2026-04-05 18:30:25,0.3918584740292211,433078272.0,12.0
2026-04-05 18:30:32,0.3510569249325813,433078272.0,12.0
2026-04-05 18:30:39,0.3218640107861032,434003968.0,12.0
2026-04-05 18:30:47,0.3737615538031987,434483200.0,12.0
2026-04-05 18:30:54,0.35540352134377706,435253248.0,12.0
2026-04-05 18:31:01,0.3427178187569045,435220480.0,12.0
2026-04-05 18:31:09,0.29626165941789884,435261440.0,12.0
2026-04-05 18:31:16,0.3562085620902966,433229824.0,12.0
2026-04-05 18:31:23,0.3126871253180163,432713728.0,12.0
2026-04-05 18:31:31,0.3503185286442238,432885760.0,12.0
2026-04-05 18:31:38,0.3172455539930324,433430528.0,12.0
2026-04-05 18:31:46,0.337776573313164,433479680.0,12.0
2026-04-05 18:31:53,0.31072238986579864,433475584.0,12.0
2026-04-05 18:32:00,0.283364422785105,434409472.0,12.0
2026-04-05 18:32:08,0.2964445819958957,434511872.0,12.0
2026-04-05 18:32:15,0.29720618158221634,43562026-04-05 18:2026-04-05 18:32:22,0.2891133834422496,435605504.0,12.0
2026-04-05 18:32:30,0.26913122520277283,435585024.0,12.0
2026-04-05 18:32:37,0.29085017635190413,432959488.0,12.0
2026-04-05 18:32:45,0.29648865639683686,433238016.0,12.0
2026-04-05 18:32:52,0.28678895960578926,432807936.0,12.0
2026-04-05 18:33:00,0.2986648644789185,432787456.0,12.0
2026-04-05 18:33:07,0.302990310420017,432840704.0,12.0
2026-04-05 18:33:14,0.24193700142191865,433143808.0,12.0
2026-04-05 18:33:22,0.2822184135581072,433242112.0,12.0
2026-04-05 18:33:29,0.26406211427919424,433979392.0,12.0
2026-04-05 18:33:36,0.290457748160051,434626560.0,12.0
2026-04-05 18:33:44,0.26593059696968124,434892800.0,12.0
2026-04-05 18:33:51,0.25845076343716844,434950144.0,12.0
2026-04-05 18:33:59,0.282024023496916,435859456.0,12.0
2026-04-05 18:34:06,0.2789635787194837,435732480.0,12.0
2026-04-05 18:34:13,0.25671083757370683,449880064.0,12.0
2026-04-05 18:34:21,0.31173517963291175,433078272.0,12.0
2026-04-05 18:34:28,0.3000316709040542,433295360.0,12.0
2026-04-05 18:34:35,0.3008883583696117,433336320.0,12.0
2026-04-05 18:34:43,0.30227840967908015,433532928.0,12.0
2026-04-05 18:34:50,0.31303187576668684,434421760.0,12.0
2026-04-05 18:34:57,0.2843883082668748,434429952.0,12.0
2026-04-05 18:35:05,0.3404795741318659,435802112.0,12.0
2026-04-05 18:35:12,0.3290768898614795,435843072.0,12.0
2026-04-05 18:35:19,0.3106712729359491,436158464.0,12.0
2026-04-05 18:35:27,0.3386612322325381,433496064.0,12.0
2026-04-05 18:35:34,0.33891042782823566,433872896.0,12.0
2026-04-05 18:35:41,0.3469491610832878,433848320.0,12.0
2026-04-05 18:35:49,0.35084511725112544,433647616.0,12.0
2026-04-05 18:35:56,0.3680280071756769,434831360.0,12.0
2026-04-05 18:36:03,0.3615114639744463,434892800.0,12.0
2026-04-05 18:36:11,0.3687068621300005,435200000.0,12.0
2026-04-05 18:36:18,0.3947908111658623,436371456.0,12.0
2026-04-05 18:36:26,0.3788994974307271,434282496.0,12.0
2026-04-05 18:36:33,0.4130331614766826,433688576.0,12.0
2026-04-05 18:36:40,0.35158130211215544,433442816.0,12.0
2026-04-05 18:36:48,0.4194052954086481,434098176.0,12.0
2026-04-05 18:36:56,0.42840514367787713,433971200.0,12.0
2026-04-05 18:37:03,0.3908226164600415,433848320.0,12.0
2026-04-05 18:37:11,0.43344213877176857,433602560.0,12.0
2026-04-05 18:37:18,0.38571524203615726,433922048.0,12.0
2026-04-05 18:37:26,0.42179901063917785,434196480.0,12.0
2026-04-05 18:37:33,0.39798772118534126,435777536.0,12.0
2026-04-05 18:37:41,0.47249251039923285,434978816.0,12.0
2026-04-05 18:37:48,0.4608094569127899,435539968.0,12.0
2026-04-05 18:37:56,0.43241790260590524,435290112.0,12.0
2026-04-05 18:38:03,0.43863952826185976,436092928.0,12.0
2026-04-05 18:38:11,0.49541535874236103,435732480.0,12.0
2026-04-05 18:38:19,0.48536307211984375,435613696.0,12.0
2026-04-05 18:38:26,0.5032773498287075,436498432.0,12.0
2026-04-05 18:38:34,0.4817160109408042,436244480.0,12.0
2026-04-05 18:38:41,0.5204334500159936,436404224.0,12.0
2026-04-05 18:38:49,0.5372674421536084,436191232.0,12.0
2026-04-05 18:38:56,0.5089681873710474,436666368.0,12.0
2026-04-05 18:39:04,0.5172226685959013,436973568.0,12.0
2026-04-05 18:39:11,0.5314689666586597,436506624.0,12.0
2026-04-05 18:39:19,0.5570357149063986,436662272.0,12.0
2026-04-05 18:39:26,0.505806598103821,436391936.0,12.0
2026-04-05 18:39:34,0.5303279550369047,437116928.0,12.0
2026-04-05 18:39:41,0.5652192004151035,436875264.0,12.0
2026-04-05 18:39:49,0.5501611938444612,437735424.0,12.0
2026-04-05 18:39:56,0.5330644616602889,437407744.0,12.0
2026-04-05 18:40:04,0.5679200117311101,436547584.0,12.0
2026-04-05 18:40:12,0.5537471493174689,438185984.0,12.0
2026-04-05 18:40:19,0.5207077864811583,438054912.0,12.0
2026-04-05 18:40:27,0.5818443656499704,438013952.0,12.0
2026-04-05 18:40:34,0.5756833642161832,440012800.0,12.0
2026-04-05 18:40:42,0.5825746501146792,439906304.0,12.0
2026-04-05 18:40:49,0.4903883654931403,439918592.0,12.0
2026-04-05 18:40:57,0.5641476692072288,439808000.0,12.0
2026-04-05 18:41:04,0.5375912538750709,440188928.0,12.0
2026-04-05 18:41:12,0.5451565383303209,439541760.0,12.0
2026-04-05 18:41:20,0.5674851327365613,439209984.0,12.0
2026-04-05 18:41:27,0.60581326619934,440225792.0,12.0
2026-04-05 18:41:35,0.579737240546124,439152640.0,12.0
2026-04-05 18:41:42,0.552877002331263,439676928.0,12.0
2026-04-05 18:41:50,0.5515033580417852,440258560.0,12.0
2026-04-05 18:41:57,0.5077870873304021,440188928.0,12.0
2026-04-05 18:42:05,0.5650568333414309,439808000.0,12.0
2026-04-05 18:42:12,0.5623086763834684,443387904.0,12.0
2026-04-05 18:42:20,0.5416039918669031,441589760.0,12.0
2026-04-05 18:42:28,0.5498546357851223,441479168.0,12.0
2026-04-05 18:42:35,0.5448108736813116,441712640.0,12.0
2026-04-05 18:42:43,0.5698807227166756,441954304.0,12.0
2026-04-05 18:42:50,0.44984003619464125,442482688.0,12.0
2026-04-05 18:42:58,0.5952459723905663,442236928.0,12.0
2026-04-05 18:43:05,0.5476238526536058,442437632.0,12.0
2026-04-05 18:43:13,0.5885027894281982,442908672.0,12.0
2026-04-05 18:43:20,0.5726916815841601,442814464.0,12.0
2026-04-05 18:43:28,0.49112950382597503,442986496.0,12.0
2026-04-05 18:43:36,0.5744514036852798,444624896.0,12.0
2026-04-05 18:43:43,0.5354012824092863,444715008.0,12.0
2026-04-05 18:43:51,0.6036493764816532,444846080.0,12.0
2026-04-05 18:43:58,0.5420118502825478,444694528.0,12.0
2026-04-05 18:44:06,0.6233739159593945,445063168.0,12.0
2026-04-05 18:44:13,0.6135147210098213,444297216.0,12.0
2026-04-05 18:44:21,0.5909453317768607,444055552.0,12.0
2026-04-05 18:44:28,0.6126369570837822,444354560.0,12.0
2026-04-05 18:44:36,0.5809451155251809,444190720.0,12.0
2026-04-05 18:44:44,0.6136560538382094,446160896.0,12.0
2026-04-05 18:44:51,0.6256510086947461,444248064.0,12.0
2026-04-05 18:44:59,0.5903693900038309,444387328.0,12.0
2026-04-05 18:45:06,0.6163519984306965,444112896.0,12.0
2026-04-05 18:45:14,0.623940147056,445427712.0,12.0
2026-04-05 18:45:22,0.4924249486945847,445411328.0,12.0
2026-04-05 18:45:29,0.5657167263306956,445382656.0,12.0
2026-04-05 18:45:37,0.5668026703295703,445005824.0,12.0
2026-04-05 18:45:44,0.5127367858491204,445222912.0,12.0
2026-04-05 18:45:52,0.6005406892425754,444952576.0,12.0
2026-04-05 18:45:59,0.5710868514607973,444981248.0,12.0
2026-04-05 18:46:07,0.5380701715313692,445005824.0,12.0
2026-04-05 18:46:14,0.5982992612914532,449110016.0,12.0
2026-04-05 18:46:21,0.57230154609206,447578112.0,12.0
2026-04-05 18:46:29,0.5199131351246677,447569920.0,12.0
2026-04-05 18:46:36,0.6245786550361253,448442368.0,12.0
2026-04-05 18:46:43,0.550806271860377,447225856.0,12.0
2026-04-05 18:46:50,0.6268238421577026,447385600.0,12.0
2026-04-05 18:46:58,0.5821972200032282,447373312.0,12.0
2026-04-05 18:47:05,0.5914413705233014,448491520.0,12.0
2026-04-05 18:47:13,0.5930804439516562,448495616.0,12.0
2026-04-05 18:47:20,0.4952248225950325,446795776.0,12.0
2026-04-05 18:47:27,0.6148607897778406,446853120.0,12.0
2026-04-05 18:47:35,0.5539594847676513,446832640.0,12.0
2026-04-05 18:47:42,0.5610349956117884,447942656.0,12.0
2026-04-05 18:47:49,0.6074197589592881,447897600.0,12.0
2026-04-05 18:47:57,0.6217092384162142,447135744.0,12.0
2026-04-05 18:48:04,0.5880304536944171,447315968.0,12.0
2026-04-05 18:48:11,0.5844364880720627,447725568.0,12.0
2026-04-05 18:48:19,0.5739846894858713,447873024.0,12.0
2026-04-05 18:48:26,0.6134016769465754,448954368.0,12.0
2026-04-05 18:48:33,0.5512636193429626,449105920.0,12.0
2026-04-05 18:48:41,0.5526696669705383,448933888.0,12.0
2026-04-05 18:48:48,0.5023256863646759,448720896.0,12.0
2026-04-05 18:48:55,0.632659192542321,446394368.0,12.0
2026-04-05 18:49:02,0.6054829311185922,447500288.0,12.0
2026-04-05 18:49:10,0.5681434212682462,447455232.0,12.0
2026-04-05 18:49:17,0.5301728186558026,447344640.0,12.0
2026-04-05 18:49:24,0.6122974982548959,446775296.0,12.0
2026-04-05 18:49:32,0.5540807652573952,446763008.0,12.0
2026-04-05 18:49:39,0.5044839549296966,447000576.0,12.0
2026-04-05 18:49:46,0.6199528918609861,446525440.0,12.0
2026-04-05 18:49:54,0.5847881224900909,448131072.0,12.0
2026-04-05 18:50:01,0.6055440263046733,447918080.0,12.0
2026-04-05 18:50:08,0.5309416057698172,448327680.0,12.0
